2026-09-15 10:34:56,048 INFO IO loop starting (client_id=kafka-python-3.0.11)
2026-09-15 10:34:56,049 INFO Attempting bootstrap to bootstrap-0 at localhost:9094 (rack None)
2026-09-15 10:34:56,049 INFO Initializing connection for node_id bootstrap-0 at localhost:9094 (rack=None)
2026-09-15 10:34:56,055 INFO <KafkaTCPTransport [::1:9094<-53215]>: connected to <socket.socket fd=1308, family=23, type=1, proto=0, laddr=('::1', 53215, 0, 0), raddr=('::1', 9094, 0, 0)>
2026-09-15 10:34:56,348 INFO <KafkaConnection node_id=bootstrap-0 host=[::1:9094<-53215] broker_version=unknown (initializing)>: Broker version identified as 3.9
2026-09-15 10:34:56,349 INFO <KafkaConnection node_id=bootstrap-0 host=[::1:9094<-53215] broker_version=(3, 9) (connected)>: Connected
2026-09-15 10:34:56,359 INFO Updated metadata: ClusterMetadata(brokers: 1, topics: 0, coordinators: 0)
2026-09-15 10:34:56,359 INFO Bootstrap complete: ClusterMetadata(brokers: 1, topics: 0, coordinators: 0)
2026-09-15 10:34:56,360 INFO Closing bootstrap connection bootstrap-0
2026-09-15 10:34:56,360 INFO <KafkaTCPTransport [::1:9094<-53215]>: Closing transport
2026-09-15 10:34:56,360 INFO <KafkaConnection node_id=bootstrap-0 broker_version=(3, 9) (disconnected)>: Connection closed
2026-09-15 10:34:56,361 INFO Starting metadata refresh loop
2026-09-15 10:34:56,362 INFO Updating subscribed topics to: ('tickets',)
2026-09-15 10:34:56,363 INFO Listening on topic 'tickets' as group 'odoo-ticket-sync'...
2026-09-15 10:34:56,364 INFO Initializing connection for node_id 1 at localhost:9094 (rack=None)
2026-09-15 10:34:56,365 INFO <KafkaTCPTransport [::1:9094<-53477]>: connected to <socket.socket fd=1308, family=23, type=1, proto=0, laddr=('::1', 53477, 0, 0), raddr=('::1', 9094, 0, 0)>
2026-09-15 10:34:56,386 INFO <KafkaConnection node_id=1 host=[::1:9094<-53477] broker_version=(3, 9) (connected)>: Connected
2026-09-15 10:34:56,944 INFO Updated metadata: ClusterMetadata(brokers: 1, topics: 1, coordinators: 0)
2026-09-15 10:34:57,407 INFO Coordinator for GROUP/odoo-ticket-sync is MetadataResponseBroker(node_id='coordinator-1', host='localhost', port=9094, rack=None)
2026-09-15 10:34:57,408 INFO Discovered coordinator coordinator-1 for group odoo-ticket-sync
2026-09-15 10:34:57,408 INFO Initializing connection for node_id coordinator-1 at localhost:9094 (rack=None)
2026-09-15 10:34:57,409 INFO Revoking previously assigned partitions set() for group odoo-ticket-sync
2026-09-15 10:34:57,409 INFO <KafkaTCPTransport [::1:9094<-62200]>: connected to <socket.socket fd=1312, family=23, type=1, proto=0, laddr=('::1', 62200, 0, 0), raddr=('::1', 9094, 0, 0)>
2026-09-15 10:34:57,410 INFO (Re-)joining group odoo-ticket-sync
2026-09-15 10:34:57,424 INFO <KafkaConnection node_id=coordinator-1 host=[::1:9094<-62200] broker_version=(3, 9) (connected)>: Connected
2026-09-15 10:34:57,567 WARNING Marking the coordinator dead (node coordinator-1) for group odoo-ticket-sync: [Error 16] NotCoordinatorError.
2026-09-15 10:34:57,567 INFO Attempt to join group odoo-ticket-sync failed due to obsolete coordinator information: NotCoordinatorError
2026-09-15 10:34:57,679 INFO Coordinator for GROUP/odoo-ticket-sync is MetadataResponseBroker(node_id='coordinator-1', host='localhost', port=9094, rack=None)
2026-09-15 10:34:57,680 INFO Discovered coordinator coordinator-1 for group odoo-ticket-sync
2026-09-15 10:34:57,680 INFO (Re-)joining group odoo-ticket-sync
2026-09-15 10:34:57,681 WARNING Marking the coordinator dead (node coordinator-1) for group odoo-ticket-sync: [Error 16] NotCoordinatorError.
2026-09-15 10:34:57,681 INFO Attempt to join group odoo-ticket-sync failed due to obsolete coordinator information: NotCoordinatorError
2026-09-15 10:34:57,798 INFO Coordinator for GROUP/odoo-ticket-sync is MetadataResponseBroker(node_id='coordinator-1', host='localhost', port=9094, rack=None)
2026-09-15 10:34:57,798 INFO Discovered coordinator coordinator-1 for group odoo-ticket-sync
2026-09-15 10:34:57,799 INFO (Re-)joining group odoo-ticket-sync
2026-09-15 10:34:57,803 WARNING Marking the coordinator dead (node coordinator-1) for group odoo-ticket-sync: [Error 16] NotCoordinatorError.
2026-09-15 10:34:57,803 INFO Attempt to join group odoo-ticket-sync failed due to obsolete coordinator information: NotCoordinatorError
2026-09-15 10:34:57,909 INFO Coordinator for GROUP/odoo-ticket-sync is MetadataResponseBroker(node_id='coordinator-1', host='localhost', port=9094, rack=None)
2026-09-15 10:34:57,909 INFO Discovered coordinator coordinator-1 for group odoo-ticket-sync
2026-09-15 10:34:57,909 INFO (Re-)joining group odoo-ticket-sync
2026-09-15 10:34:57,912 WARNING Marking the coordinator dead (node coordinator-1) for group odoo-ticket-sync: [Error 16] NotCoordinatorError.
2026-09-15 10:34:57,912 INFO Attempt to join group odoo-ticket-sync failed due to obsolete coordinator information: NotCoordinatorError
2026-09-15 10:34:58,014 INFO Coordinator for GROUP/odoo-ticket-sync is MetadataResponseBroker(node_id='coordinator-1', host='localhost', port=9094, rack=None)
2026-09-15 10:34:58,014 INFO Discovered coordinator coordinator-1 for group odoo-ticket-sync
2026-09-15 10:34:58,015 INFO (Re-)joining group odoo-ticket-sync
2026-09-15 10:34:58,016 WARNING Marking the coordinator dead (node coordinator-1) for group odoo-ticket-sync: [Error 16] NotCoordinatorError.
2026-09-15 10:34:58,016 INFO Attempt to join group odoo-ticket-sync failed due to obsolete coordinator information: NotCoordinatorError
2026-09-15 10:34:58,130 INFO Coordinator for GROUP/odoo-ticket-sync is MetadataResponseBroker(node_id='coordinator-1', host='localhost', port=9094, rack=None)
2026-09-15 10:34:58,130 INFO Discovered coordinator coordinator-1 for group odoo-ticket-sync
2026-09-15 10:34:58,130 INFO (Re-)joining group odoo-ticket-sync
2026-09-15 10:34:58,132 WARNING Marking the coordinator dead (node coordinator-1) for group odoo-ticket-sync: [Error 16] NotCoordinatorError.
2026-09-15 10:34:58,132 INFO Attempt to join group odoo-ticket-sync failed due to obsolete coordinator information: NotCoordinatorError
2026-09-15 10:34:58,245 INFO Coordinator for GROUP/odoo-ticket-sync is MetadataResponseBroker(node_id='coordinator-1', host='localhost', port=9094, rack=None)
2026-09-15 10:34:58,246 INFO Discovered coordinator coordinator-1 for group odoo-ticket-sync
2026-09-15 10:34:58,246 INFO (Re-)joining group odoo-ticket-sync
2026-09-15 10:34:58,247 WARNING Marking the coordinator dead (node coordinator-1) for group odoo-ticket-sync: [Error 16] NotCoordinatorError.
2026-09-15 10:34:58,247 INFO Attempt to join group odoo-ticket-sync failed due to obsolete coordinator information: NotCoordinatorError
2026-09-15 10:34:58,362 INFO Coordinator for GROUP/odoo-ticket-sync is MetadataResponseBroker(node_id='coordinator-1', host='localhost', port=9094, rack=None)
2026-09-15 10:34:58,362 INFO Discovered coordinator coordinator-1 for group odoo-ticket-sync
2026-09-15 10:34:58,362 INFO (Re-)joining group odoo-ticket-sync
2026-09-15 10:34:58,363 WARNING Marking the coordinator dead (node coordinator-1) for group odoo-ticket-sync: [Error 16] NotCoordinatorError.
2026-09-15 10:34:58,363 INFO Attempt to join group odoo-ticket-sync failed due to obsolete coordinator information: NotCoordinatorError
2026-09-15 10:34:58,479 INFO Coordinator for GROUP/odoo-ticket-sync is MetadataResponseBroker(node_id='coordinator-1', host='localhost', port=9094, rack=None)
2026-09-15 10:34:58,479 INFO Discovered coordinator coordinator-1 for group odoo-ticket-sync
2026-09-15 10:34:58,479 INFO (Re-)joining group odoo-ticket-sync
2026-09-15 10:34:58,566 INFO Received member id kafka-python-3.0.11-24913a06-dfe3-4700-afe7-bf66a36e47bb for group odoo-ticket-sync; will retry join-group
2026-09-15 10:34:58,566 INFO (Re-)joining group odoo-ticket-sync
2026-09-15 10:35:01,666 INFO Successfully joined group odoo-ticket-sync <Generation 1 (member_id: kafka-python-3.0.11-24913a06-dfe3-4700-afe7-bf66a36e47bb, protocol: range)>
2026-09-15 10:35:01,666 INFO Elected group leader -- performing partition assignments using range
2026-09-15 10:35:01,670 INFO Updated metadata: ClusterMetadata(brokers: 1, topics: 1, coordinators: 1)
2026-09-15 10:35:01,757 INFO Updated partition assignment: [TopicPartition(topic='tickets', partition=0)]
2026-09-15 10:35:01,757 INFO Setting newly assigned partitions {TopicPartition(topic='tickets', partition=0)} for group odoo-ticket-sync
2026-09-15 10:35:01,811 INFO Resetting offset for partition TopicPartition(topic='tickets', partition=0) to offset 0.
2026-09-15 10:35:02,686 ERROR Failed to process message at offset 0
Traceback (most recent call last):
  File "C:\Users\JasonAs\Pictures\Odoo-Kraken\kafka-sandbox\kraken_to_odoo_consumer.py", line 279, in run
    odoo_fields = transform_ticket(ticket, odoo)
  File "C:\Users\JasonAs\Pictures\Odoo-Kraken\kafka-sandbox\kraken_to_odoo_consumer.py", line 209, in transform_ticket
    department_id = odoo.get_department_id(department_name)
  File "C:\Users\JasonAs\Pictures\Odoo-Kraken\kafka-sandbox\kraken_to_odoo_consumer.py", line 150, in get_department_id
    ids = self._execute("hr.department", "search", [[("name", "=", department_name)]])
  File "C:\Users\JasonAs\Pictures\Odoo-Kraken\kafka-sandbox\kraken_to_odoo_consumer.py", line 137, in _execute
    return self.models.execute_kw(ODOO_DB, self.uid, ODOO_API_KEY, model, method, list(args))
           ~~~~~~~~~~~~~~~~~~~~~~^^^^^^^^^^^^^^^^^^^^^^^^^^^^^^^^^^^^^^^^^^^^^^^^^^^^^^^^^^^^
  File "C:\Program Files\WindowsApps\PythonSoftwareFoundation.Python.3.13_3.13.3824.0_x64__qbz5n2kfra8p0\Lib\xmlrpc\client.py", line 1096, in __call__
    return self.__send(self.__name, args)
           ~~~~~~~~~~~^^^^^^^^^^^^^^^^^^^
  File "C:\Program Files\WindowsApps\PythonSoftwareFoundation.Python.3.13_3.13.3824.0_x64__qbz5n2kfra8p0\Lib\xmlrpc\client.py", line 1435, in __request
    response = self.__transport.request(
        self.__host,
    ...<2 lines>...
        verbose=self.__verbose
        )
  File "C:\Program Files\WindowsApps\PythonSoftwareFoundation.Python.3.13_3.13.3824.0_x64__qbz5n2kfra8p0\Lib\xmlrpc\client.py", line 1140, in request
    return self.single_request(host, handler, request_body, verbose)
           ~~~~~~~~~~~~~~~~~~~^^^^^^^^^^^^^^^^^^^^^^^^^^^^^^^^^^^^^^
  File "C:\Program Files\WindowsApps\PythonSoftwareFoundation.Python.3.13_3.13.3824.0_x64__qbz5n2kfra8p0\Lib\xmlrpc\client.py", line 1156, in single_request
    return self.parse_response(resp)
           ~~~~~~~~~~~~~~~~~~~^^^^^^
  File "C:\Program Files\WindowsApps\PythonSoftwareFoundation.Python.3.13_3.13.3824.0_x64__qbz5n2kfra8p0\Lib\xmlrpc\client.py", line 1325, in parse_response
    return u.close()
           ~~~~~~~^^
  File "C:\Program Files\WindowsApps\PythonSoftwareFoundation.Python.3.13_3.13.3824.0_x64__qbz5n2kfra8p0\Lib\xmlrpc\client.py", line 642, in close
    raise Fault(**self._stack[0])
xmlrpc.client.Fault: <Fault 1: 'Traceback (most recent call last):\n  File "/usr/lib/python3/dist-packages/odoo/addons/rpc/controllers/xmlrpc.py", line 162, in xmlrpc_2\n    response = self._xmlrpc(service)\n               ^^^^^^^^^^^^^^^^^^^^^\n  File "/usr/lib/python3/dist-packages/odoo/addons/rpc/controllers/xmlrpc.py", line 134, in _xmlrpc\n    result = dispatch_rpc(service, method, params)\n             ^^^^^^^^^^^^^^^^^^^^^^^^^^^^^^^^^^^^^\n  File "/usr/lib/python3/dist-packages/odoo/http.py", line 445, in dispatch_rpc\n    return dispatch(method, params)\n           ^^^^^^^^^^^^^^^^^^^^^^^^\n  File "/usr/lib/python3/dist-packages/odoo/service/model.py", line 130, in dispatch\n    res = execute_cr(cr, uid, model, method_, args, kw)\n          ^^^^^^^^^^^^^^^^^^^^^^^^^^^^^^^^^^^^^^^^^^^^^\n  File "/usr/lib/python3/dist-packages/odoo/service/model.py", line 147, in execute_cr\n    result = retrying(partial(call_kw, recs, method, args, kw), env)\n             ^^^^^^^^^^^^^^^^^^^^^^^^^^^^^^^^^^^^^^^^^^^^^^^^^^^^^^^\n  File "/usr/lib/python3/dist-packages/odoo/service/model.py", line 185, in retrying\n    result = func()\n             ^^^^^^\n  File "/usr/lib/python3/dist-packages/odoo/service/model.py", line 94, in call_kw\n    result = method(recs, *args, **kwargs)\n             ^^^^^^^^^^^^^^^^^^^^^^^^^^^^^\n  File "/usr/lib/python3/dist-packages/odoo/orm/models.py", line 1378, in search\n    return self.search_fetch(domain, [], offset=offset, limit=limit, order=order)\n           ^^^^^^^^^^^^^^^^^^^^^^^^^^^^^^^^^^^^^^^^^^^^^^^^^^^^^^^^^^^^^^^^^^^^^^\n  File "/usr/lib/python3/dist-packages/odoo/orm/models.py", line 1408, in search_fetch\n    query = self._search(domain, offset=offset, limit=limit, order=order or self._order)\n            ^^^^^^^^^^^^^^^^^^^^^^^^^^^^^^^^^^^^^^^^^^^^^^^^^^^^^^^^^^^^^^^^^^^^^^^^^^^^\n  File "/usr/lib/python3/dist-packages/odoo/orm/models.py", line 5353, in _search\n    domain = Domain(domain)\n             ^^^^^^^^^^^^^^\n  File "/usr/lib/python3/dist-packages/odoo/orm/domains.py", line 269, in __new__\n    raise ValueError(f"Domain() invalid item in domain: {item!r}")\nValueError: Domain() invalid item in domain: [[\'name\', \'=\', \'ICT General\']]\n'>
2026-09-15 10:35:02,740 ERROR Failed to process message at offset 1
Traceback (most recent call last):
  File "C:\Users\JasonAs\Pictures\Odoo-Kraken\kafka-sandbox\kraken_to_odoo_consumer.py", line 279, in run
    odoo_fields = transform_ticket(ticket, odoo)
  File "C:\Users\JasonAs\Pictures\Odoo-Kraken\kafka-sandbox\kraken_to_odoo_consumer.py", line 209, in transform_ticket
    department_id = odoo.get_department_id(department_name)
  File "C:\Users\JasonAs\Pictures\Odoo-Kraken\kafka-sandbox\kraken_to_odoo_consumer.py", line 150, in get_department_id
    ids = self._execute("hr.department", "search", [[("name", "=", department_name)]])
  File "C:\Users\JasonAs\Pictures\Odoo-Kraken\kafka-sandbox\kraken_to_odoo_consumer.py", line 137, in _execute
    return self.models.execute_kw(ODOO_DB, self.uid, ODOO_API_KEY, model, method, list(args))
           ~~~~~~~~~~~~~~~~~~~~~~^^^^^^^^^^^^^^^^^^^^^^^^^^^^^^^^^^^^^^^^^^^^^^^^^^^^^^^^^^^^
  File "C:\Program Files\WindowsApps\PythonSoftwareFoundation.Python.3.13_3.13.3824.0_x64__qbz5n2kfra8p0\Lib\xmlrpc\client.py", line 1096, in __call__
    return self.__send(self.__name, args)
           ~~~~~~~~~~~^^^^^^^^^^^^^^^^^^^
  File "C:\Program Files\WindowsApps\PythonSoftwareFoundation.Python.3.13_3.13.3824.0_x64__qbz5n2kfra8p0\Lib\xmlrpc\client.py", line 1435, in __request
    response = self.__transport.request(
        self.__host,
    ...<2 lines>...
        verbose=self.__verbose
        )
  File "C:\Program Files\WindowsApps\PythonSoftwareFoundation.Python.3.13_3.13.3824.0_x64__qbz5n2kfra8p0\Lib\xmlrpc\client.py", line 1140, in request
    return self.single_request(host, handler, request_body, verbose)
           ~~~~~~~~~~~~~~~~~~~^^^^^^^^^^^^^^^^^^^^^^^^^^^^^^^^^^^^^^
  File "C:\Program Files\WindowsApps\PythonSoftwareFoundation.Python.3.13_3.13.3824.0_x64__qbz5n2kfra8p0\Lib\xmlrpc\client.py", line 1156, in single_request
    return self.parse_response(resp)
           ~~~~~~~~~~~~~~~~~~~^^^^^^
  File "C:\Program Files\WindowsApps\PythonSoftwareFoundation.Python.3.13_3.13.3824.0_x64__qbz5n2kfra8p0\Lib\xmlrpc\client.py", line 1325, in parse_response
    return u.close()
           ~~~~~~~^^
  File "C:\Program Files\WindowsApps\PythonSoftwareFoundation.Python.3.13_3.13.3824.0_x64__qbz5n2kfra8p0\Lib\xmlrpc\client.py", line 642, in close
    raise Fault(**self._stack[0])
xmlrpc.client.Fault: <Fault 1: 'Traceback (most recent call last):\n  File "/usr/lib/python3/dist-packages/odoo/addons/rpc/controllers/xmlrpc.py", line 162, in xmlrpc_2\n    response = self._xmlrpc(service)\n               ^^^^^^^^^^^^^^^^^^^^^\n  File "/usr/lib/python3/dist-packages/odoo/addons/rpc/controllers/xmlrpc.py", line 134, in _xmlrpc\n    result = dispatch_rpc(service, method, params)\n             ^^^^^^^^^^^^^^^^^^^^^^^^^^^^^^^^^^^^^\n  File "/usr/lib/python3/dist-packages/odoo/http.py", line 445, in dispatch_rpc\n    return dispatch(method, params)\n           ^^^^^^^^^^^^^^^^^^^^^^^^\n  File "/usr/lib/python3/dist-packages/odoo/service/model.py", line 130, in dispatch\n    res = execute_cr(cr, uid, model, method_, args, kw)\n          ^^^^^^^^^^^^^^^^^^^^^^^^^^^^^^^^^^^^^^^^^^^^^\n  File "/usr/lib/python3/dist-packages/odoo/service/model.py", line 147, in execute_cr\n    result = retrying(partial(call_kw, recs, method, args, kw), env)\n             ^^^^^^^^^^^^^^^^^^^^^^^^^^^^^^^^^^^^^^^^^^^^^^^^^^^^^^^\n  File "/usr/lib/python3/dist-packages/odoo/service/model.py", line 185, in retrying\n    result = func()\n             ^^^^^^\n  File "/usr/lib/python3/dist-packages/odoo/service/model.py", line 94, in call_kw\n    result = method(recs, *args, **kwargs)\n             ^^^^^^^^^^^^^^^^^^^^^^^^^^^^^\n  File "/usr/lib/python3/dist-packages/odoo/orm/models.py", line 1378, in search\n    return self.search_fetch(domain, [], offset=offset, limit=limit, order=order)\n           ^^^^^^^^^^^^^^^^^^^^^^^^^^^^^^^^^^^^^^^^^^^^^^^^^^^^^^^^^^^^^^^^^^^^^^\n  File "/usr/lib/python3/dist-packages/odoo/orm/models.py", line 1408, in search_fetch\n    query = self._search(domain, offset=offset, limit=limit, order=order or self._order)\n            ^^^^^^^^^^^^^^^^^^^^^^^^^^^^^^^^^^^^^^^^^^^^^^^^^^^^^^^^^^^^^^^^^^^^^^^^^^^^\n  File "/usr/lib/python3/dist-packages/odoo/orm/models.py", line 5353, in _search\n    domain = Domain(domain)\n             ^^^^^^^^^^^^^^\n  File "/usr/lib/python3/dist-packages/odoo/orm/domains.py", line 269, in __new__\n    raise ValueError(f"Domain() invalid item in domain: {item!r}")\nValueError: Domain() invalid item in domain: [[\'name\', \'=\', \'ICT General\']]\n'>
2026-09-15 10:35:02,801 ERROR Failed to process message at offset 2
Traceback (most recent call last):
  File "C:\Users\JasonAs\Pictures\Odoo-Kraken\kafka-sandbox\kraken_to_odoo_consumer.py", line 279, in run
    odoo_fields = transform_ticket(ticket, odoo)
  File "C:\Users\JasonAs\Pictures\Odoo-Kraken\kafka-sandbox\kraken_to_odoo_consumer.py", line 209, in transform_ticket
    department_id = odoo.get_department_id(department_name)
  File "C:\Users\JasonAs\Pictures\Odoo-Kraken\kafka-sandbox\kraken_to_odoo_consumer.py", line 150, in get_department_id
    ids = self._execute("hr.department", "search", [[("name", "=", department_name)]])
  File "C:\Users\JasonAs\Pictures\Odoo-Kraken\kafka-sandbox\kraken_to_odoo_consumer.py", line 137, in _execute
    return self.models.execute_kw(ODOO_DB, self.uid, ODOO_API_KEY, model, method, list(args))
           ~~~~~~~~~~~~~~~~~~~~~~^^^^^^^^^^^^^^^^^^^^^^^^^^^^^^^^^^^^^^^^^^^^^^^^^^^^^^^^^^^^
  File "C:\Program Files\WindowsApps\PythonSoftwareFoundation.Python.3.13_3.13.3824.0_x64__qbz5n2kfra8p0\Lib\xmlrpc\client.py", line 1096, in __call__
    return self.__send(self.__name, args)
           ~~~~~~~~~~~^^^^^^^^^^^^^^^^^^^
  File "C:\Program Files\WindowsApps\PythonSoftwareFoundation.Python.3.13_3.13.3824.0_x64__qbz5n2kfra8p0\Lib\xmlrpc\client.py", line 1435, in __request
    response = self.__transport.request(
        self.__host,
    ...<2 lines>...
        verbose=self.__verbose
        )
  File "C:\Program Files\WindowsApps\PythonSoftwareFoundation.Python.3.13_3.13.3824.0_x64__qbz5n2kfra8p0\Lib\xmlrpc\client.py", line 1140, in request
    return self.single_request(host, handler, request_body, verbose)
           ~~~~~~~~~~~~~~~~~~~^^^^^^^^^^^^^^^^^^^^^^^^^^^^^^^^^^^^^^
  File "C:\Program Files\WindowsApps\PythonSoftwareFoundation.Python.3.13_3.13.3824.0_x64__qbz5n2kfra8p0\Lib\xmlrpc\client.py", line 1156, in single_request
    return self.parse_response(resp)
           ~~~~~~~~~~~~~~~~~~~^^^^^^
  File "C:\Program Files\WindowsApps\PythonSoftwareFoundation.Python.3.13_3.13.3824.0_x64__qbz5n2kfra8p0\Lib\xmlrpc\client.py", line 1325, in parse_response
    return u.close()
           ~~~~~~~^^
  File "C:\Program Files\WindowsApps\PythonSoftwareFoundation.Python.3.13_3.13.3824.0_x64__qbz5n2kfra8p0\Lib\xmlrpc\client.py", line 642, in close
    raise Fault(**self._stack[0])
xmlrpc.client.Fault: <Fault 1: 'Traceback (most recent call last):\n  File "/usr/lib/python3/dist-packages/odoo/addons/rpc/controllers/xmlrpc.py", line 162, in xmlrpc_2\n    response = self._xmlrpc(service)\n               ^^^^^^^^^^^^^^^^^^^^^\n  File "/usr/lib/python3/dist-packages/odoo/addons/rpc/controllers/xmlrpc.py", line 134, in _xmlrpc\n    result = dispatch_rpc(service, method, params)\n             ^^^^^^^^^^^^^^^^^^^^^^^^^^^^^^^^^^^^^\n  File "/usr/lib/python3/dist-packages/odoo/http.py", line 445, in dispatch_rpc\n    return dispatch(method, params)\n           ^^^^^^^^^^^^^^^^^^^^^^^^\n  File "/usr/lib/python3/dist-packages/odoo/service/model.py", line 130, in dispatch\n    res = execute_cr(cr, uid, model, method_, args, kw)\n          ^^^^^^^^^^^^^^^^^^^^^^^^^^^^^^^^^^^^^^^^^^^^^\n  File "/usr/lib/python3/dist-packages/odoo/service/model.py", line 147, in execute_cr\n    result = retrying(partial(call_kw, recs, method, args, kw), env)\n             ^^^^^^^^^^^^^^^^^^^^^^^^^^^^^^^^^^^^^^^^^^^^^^^^^^^^^^^\n  File "/usr/lib/python3/dist-packages/odoo/service/model.py", line 185, in retrying\n    result = func()\n             ^^^^^^\n  File "/usr/lib/python3/dist-packages/odoo/service/model.py", line 94, in call_kw\n    result = method(recs, *args, **kwargs)\n             ^^^^^^^^^^^^^^^^^^^^^^^^^^^^^\n  File "/usr/lib/python3/dist-packages/odoo/orm/models.py", line 1378, in search\n    return self.search_fetch(domain, [], offset=offset, limit=limit, order=order)\n           ^^^^^^^^^^^^^^^^^^^^^^^^^^^^^^^^^^^^^^^^^^^^^^^^^^^^^^^^^^^^^^^^^^^^^^\n  File "/usr/lib/python3/dist-packages/odoo/orm/models.py", line 1408, in search_fetch\n    query = self._search(domain, offset=offset, limit=limit, order=order or self._order)\n            ^^^^^^^^^^^^^^^^^^^^^^^^^^^^^^^^^^^^^^^^^^^^^^^^^^^^^^^^^^^^^^^^^^^^^^^^^^^^\n  File "/usr/lib/python3/dist-packages/odoo/orm/models.py", line 5353, in _search\n    domain = Domain(domain)\n             ^^^^^^^^^^^^^^\n  File "/usr/lib/python3/dist-packages/odoo/orm/domains.py", line 269, in __new__\n    raise ValueError(f"Domain() invalid item in domain: {item!r}")\nValueError: Domain() invalid item in domain: [[\'name\', \'=\', \'ICT General\']]\n'>
2026-09-15 10:35:02,841 ERROR Failed to process message at offset 3
Traceback (most recent call last):
  File "C:\Users\JasonAs\Pictures\Odoo-Kraken\kafka-sandbox\kraken_to_odoo_consumer.py", line 279, in run
    odoo_fields = transform_ticket(ticket, odoo)
  File "C:\Users\JasonAs\Pictures\Odoo-Kraken\kafka-sandbox\kraken_to_odoo_consumer.py", line 209, in transform_ticket
    department_id = odoo.get_department_id(department_name)
  File "C:\Users\JasonAs\Pictures\Odoo-Kraken\kafka-sandbox\kraken_to_odoo_consumer.py", line 150, in get_department_id
    ids = self._execute("hr.department", "search", [[("name", "=", department_name)]])
  File "C:\Users\JasonAs\Pictures\Odoo-Kraken\kafka-sandbox\kraken_to_odoo_consumer.py", line 137, in _execute
    return self.models.execute_kw(ODOO_DB, self.uid, ODOO_API_KEY, model, method, list(args))
           ~~~~~~~~~~~~~~~~~~~~~~^^^^^^^^^^^^^^^^^^^^^^^^^^^^^^^^^^^^^^^^^^^^^^^^^^^^^^^^^^^^
  File "C:\Program Files\WindowsApps\PythonSoftwareFoundation.Python.3.13_3.13.3824.0_x64__qbz5n2kfra8p0\Lib\xmlrpc\client.py", line 1096, in __call__
    return self.__send(self.__name, args)
           ~~~~~~~~~~~^^^^^^^^^^^^^^^^^^^
  File "C:\Program Files\WindowsApps\PythonSoftwareFoundation.Python.3.13_3.13.3824.0_x64__qbz5n2kfra8p0\Lib\xmlrpc\client.py", line 1435, in __request
    response = self.__transport.request(
        self.__host,
    ...<2 lines>...
        verbose=self.__verbose
        )
  File "C:\Program Files\WindowsApps\PythonSoftwareFoundation.Python.3.13_3.13.3824.0_x64__qbz5n2kfra8p0\Lib\xmlrpc\client.py", line 1140, in request
    return self.single_request(host, handler, request_body, verbose)
           ~~~~~~~~~~~~~~~~~~~^^^^^^^^^^^^^^^^^^^^^^^^^^^^^^^^^^^^^^
  File "C:\Program Files\WindowsApps\PythonSoftwareFoundation.Python.3.13_3.13.3824.0_x64__qbz5n2kfra8p0\Lib\xmlrpc\client.py", line 1156, in single_request
    return self.parse_response(resp)
           ~~~~~~~~~~~~~~~~~~~^^^^^^
  File "C:\Program Files\WindowsApps\PythonSoftwareFoundation.Python.3.13_3.13.3824.0_x64__qbz5n2kfra8p0\Lib\xmlrpc\client.py", line 1325, in parse_response
    return u.close()
           ~~~~~~~^^
  File "C:\Program Files\WindowsApps\PythonSoftwareFoundation.Python.3.13_3.13.3824.0_x64__qbz5n2kfra8p0\Lib\xmlrpc\client.py", line 642, in close
    raise Fault(**self._stack[0])
xmlrpc.client.Fault: <Fault 1: 'Traceback (most recent call last):\n  File "/usr/lib/python3/dist-packages/odoo/addons/rpc/controllers/xmlrpc.py", line 162, in xmlrpc_2\n    response = self._xmlrpc(service)\n               ^^^^^^^^^^^^^^^^^^^^^\n  File "/usr/lib/python3/dist-packages/odoo/addons/rpc/controllers/xmlrpc.py", line 134, in _xmlrpc\n    result = dispatch_rpc(service, method, params)\n             ^^^^^^^^^^^^^^^^^^^^^^^^^^^^^^^^^^^^^\n  File "/usr/lib/python3/dist-packages/odoo/http.py", line 445, in dispatch_rpc\n    return dispatch(method, params)\n           ^^^^^^^^^^^^^^^^^^^^^^^^\n  File "/usr/lib/python3/dist-packages/odoo/service/model.py", line 130, in dispatch\n    res = execute_cr(cr, uid, model, method_, args, kw)\n          ^^^^^^^^^^^^^^^^^^^^^^^^^^^^^^^^^^^^^^^^^^^^^\n  File "/usr/lib/python3/dist-packages/odoo/service/model.py", line 147, in execute_cr\n    result = retrying(partial(call_kw, recs, method, args, kw), env)\n             ^^^^^^^^^^^^^^^^^^^^^^^^^^^^^^^^^^^^^^^^^^^^^^^^^^^^^^^\n  File "/usr/lib/python3/dist-packages/odoo/service/model.py", line 185, in retrying\n    result = func()\n             ^^^^^^\n  File "/usr/lib/python3/dist-packages/odoo/service/model.py", line 94, in call_kw\n    result = method(recs, *args, **kwargs)\n             ^^^^^^^^^^^^^^^^^^^^^^^^^^^^^\n  File "/usr/lib/python3/dist-packages/odoo/orm/models.py", line 1378, in search\n    return self.search_fetch(domain, [], offset=offset, limit=limit, order=order)\n           ^^^^^^^^^^^^^^^^^^^^^^^^^^^^^^^^^^^^^^^^^^^^^^^^^^^^^^^^^^^^^^^^^^^^^^\n  File "/usr/lib/python3/dist-packages/odoo/orm/models.py", line 1408, in search_fetch\n    query = self._search(domain, offset=offset, limit=limit, order=order or self._order)\n            ^^^^^^^^^^^^^^^^^^^^^^^^^^^^^^^^^^^^^^^^^^^^^^^^^^^^^^^^^^^^^^^^^^^^^^^^^^^^\n  File "/usr/lib/python3/dist-packages/odoo/orm/models.py", line 5353, in _search\n    domain = Domain(domain)\n             ^^^^^^^^^^^^^^\n  File "/usr/lib/python3/dist-packages/odoo/orm/domains.py", line 269, in __new__\n    raise ValueError(f"Domain() invalid item in domain: {item!r}")\nValueError: Domain() invalid item in domain: [[\'name\', \'=\', \'ICT General\']]\n'>
2026-09-15 10:35:02,891 ERROR Failed to process message at offset 4
Traceback (most recent call last):
  File "C:\Users\JasonAs\Pictures\Odoo-Kraken\kafka-sandbox\kraken_to_odoo_consumer.py", line 279, in run
    odoo_fields = transform_ticket(ticket, odoo)
  File "C:\Users\JasonAs\Pictures\Odoo-Kraken\kafka-sandbox\kraken_to_odoo_consumer.py", line 209, in transform_ticket
    department_id = odoo.get_department_id(department_name)
  File "C:\Users\JasonAs\Pictures\Odoo-Kraken\kafka-sandbox\kraken_to_odoo_consumer.py", line 150, in get_department_id
    ids = self._execute("hr.department", "search", [[("name", "=", department_name)]])
  File "C:\Users\JasonAs\Pictures\Odoo-Kraken\kafka-sandbox\kraken_to_odoo_consumer.py", line 137, in _execute
    return self.models.execute_kw(ODOO_DB, self.uid, ODOO_API_KEY, model, method, list(args))
           ~~~~~~~~~~~~~~~~~~~~~~^^^^^^^^^^^^^^^^^^^^^^^^^^^^^^^^^^^^^^^^^^^^^^^^^^^^^^^^^^^^
  File "C:\Program Files\WindowsApps\PythonSoftwareFoundation.Python.3.13_3.13.3824.0_x64__qbz5n2kfra8p0\Lib\xmlrpc\client.py", line 1096, in __call__
    return self.__send(self.__name, args)
           ~~~~~~~~~~~^^^^^^^^^^^^^^^^^^^
  File "C:\Program Files\WindowsApps\PythonSoftwareFoundation.Python.3.13_3.13.3824.0_x64__qbz5n2kfra8p0\Lib\xmlrpc\client.py", line 1435, in __request
    response = self.__transport.request(
        self.__host,
    ...<2 lines>...
        verbose=self.__verbose
        )
  File "C:\Program Files\WindowsApps\PythonSoftwareFoundation.Python.3.13_3.13.3824.0_x64__qbz5n2kfra8p0\Lib\xmlrpc\client.py", line 1140, in request
    return self.single_request(host, handler, request_body, verbose)
           ~~~~~~~~~~~~~~~~~~~^^^^^^^^^^^^^^^^^^^^^^^^^^^^^^^^^^^^^^
  File "C:\Program Files\WindowsApps\PythonSoftwareFoundation.Python.3.13_3.13.3824.0_x64__qbz5n2kfra8p0\Lib\xmlrpc\client.py", line 1156, in single_request
    return self.parse_response(resp)
           ~~~~~~~~~~~~~~~~~~~^^^^^^
  File "C:\Program Files\WindowsApps\PythonSoftwareFoundation.Python.3.13_3.13.3824.0_x64__qbz5n2kfra8p0\Lib\xmlrpc\client.py", line 1325, in parse_response
    return u.close()
           ~~~~~~~^^
  File "C:\Program Files\WindowsApps\PythonSoftwareFoundation.Python.3.13_3.13.3824.0_x64__qbz5n2kfra8p0\Lib\xmlrpc\client.py", line 642, in close
    raise Fault(**self._stack[0])
xmlrpc.client.Fault: <Fault 1: 'Traceback (most recent call last):\n  File "/usr/lib/python3/dist-packages/odoo/addons/rpc/controllers/xmlrpc.py", line 162, in xmlrpc_2\n    response = self._xmlrpc(service)\n               ^^^^^^^^^^^^^^^^^^^^^\n  File "/usr/lib/python3/dist-packages/odoo/addons/rpc/controllers/xmlrpc.py", line 134, in _xmlrpc\n    result = dispatch_rpc(service, method, params)\n             ^^^^^^^^^^^^^^^^^^^^^^^^^^^^^^^^^^^^^\n  File "/usr/lib/python3/dist-packages/odoo/http.py", line 445, in dispatch_rpc\n    return dispatch(method, params)\n           ^^^^^^^^^^^^^^^^^^^^^^^^\n  File "/usr/lib/python3/dist-packages/odoo/service/model.py", line 130, in dispatch\n    res = execute_cr(cr, uid, model, method_, args, kw)\n          ^^^^^^^^^^^^^^^^^^^^^^^^^^^^^^^^^^^^^^^^^^^^^\n  File "/usr/lib/python3/dist-packages/odoo/service/model.py", line 147, in execute_cr\n    result = retrying(partial(call_kw, recs, method, args, kw), env)\n             ^^^^^^^^^^^^^^^^^^^^^^^^^^^^^^^^^^^^^^^^^^^^^^^^^^^^^^^\n  File "/usr/lib/python3/dist-packages/odoo/service/model.py", line 185, in retrying\n    result = func()\n             ^^^^^^\n  File "/usr/lib/python3/dist-packages/odoo/service/model.py", line 94, in call_kw\n    result = method(recs, *args, **kwargs)\n             ^^^^^^^^^^^^^^^^^^^^^^^^^^^^^\n  File "/usr/lib/python3/dist-packages/odoo/orm/models.py", line 1378, in search\n    return self.search_fetch(domain, [], offset=offset, limit=limit, order=order)\n           ^^^^^^^^^^^^^^^^^^^^^^^^^^^^^^^^^^^^^^^^^^^^^^^^^^^^^^^^^^^^^^^^^^^^^^\n  File "/usr/lib/python3/dist-packages/odoo/orm/models.py", line 1408, in search_fetch\n    query = self._search(domain, offset=offset, limit=limit, order=order or self._order)\n            ^^^^^^^^^^^^^^^^^^^^^^^^^^^^^^^^^^^^^^^^^^^^^^^^^^^^^^^^^^^^^^^^^^^^^^^^^^^^\n  File "/usr/lib/python3/dist-packages/odoo/orm/models.py", line 5353, in _search\n    domain = Domain(domain)\n             ^^^^^^^^^^^^^^\n  File "/usr/lib/python3/dist-packages/odoo/orm/domains.py", line 269, in __new__\n    raise ValueError(f"Domain() invalid item in domain: {item!r}")\nValueError: Domain() invalid item in domain: [[\'name\', \'=\', \'ICT General\']]\n'>
2026-09-15 10:35:02,938 ERROR Failed to process message at offset 5
Traceback (most recent call last):
  File "C:\Users\JasonAs\Pictures\Odoo-Kraken\kafka-sandbox\kraken_to_odoo_consumer.py", line 279, in run
    odoo_fields = transform_ticket(ticket, odoo)
  File "C:\Users\JasonAs\Pictures\Odoo-Kraken\kafka-sandbox\kraken_to_odoo_consumer.py", line 209, in transform_ticket
    department_id = odoo.get_department_id(department_name)
  File "C:\Users\JasonAs\Pictures\Odoo-Kraken\kafka-sandbox\kraken_to_odoo_consumer.py", line 150, in get_department_id
    ids = self._execute("hr.department", "search", [[("name", "=", department_name)]])
  File "C:\Users\JasonAs\Pictures\Odoo-Kraken\kafka-sandbox\kraken_to_odoo_consumer.py", line 137, in _execute
    return self.models.execute_kw(ODOO_DB, self.uid, ODOO_API_KEY, model, method, list(args))
           ~~~~~~~~~~~~~~~~~~~~~~^^^^^^^^^^^^^^^^^^^^^^^^^^^^^^^^^^^^^^^^^^^^^^^^^^^^^^^^^^^^
  File "C:\Program Files\WindowsApps\PythonSoftwareFoundation.Python.3.13_3.13.3824.0_x64__qbz5n2kfra8p0\Lib\xmlrpc\client.py", line 1096, in __call__
    return self.__send(self.__name, args)
           ~~~~~~~~~~~^^^^^^^^^^^^^^^^^^^
  File "C:\Program Files\WindowsApps\PythonSoftwareFoundation.Python.3.13_3.13.3824.0_x64__qbz5n2kfra8p0\Lib\xmlrpc\client.py", line 1435, in __request
    response = self.__transport.request(
        self.__host,
    ...<2 lines>...
        verbose=self.__verbose
        )
  File "C:\Program Files\WindowsApps\PythonSoftwareFoundation.Python.3.13_3.13.3824.0_x64__qbz5n2kfra8p0\Lib\xmlrpc\client.py", line 1140, in request
    return self.single_request(host, handler, request_body, verbose)
           ~~~~~~~~~~~~~~~~~~~^^^^^^^^^^^^^^^^^^^^^^^^^^^^^^^^^^^^^^
  File "C:\Program Files\WindowsApps\PythonSoftwareFoundation.Python.3.13_3.13.3824.0_x64__qbz5n2kfra8p0\Lib\xmlrpc\client.py", line 1156, in single_request
    return self.parse_response(resp)
           ~~~~~~~~~~~~~~~~~~~^^^^^^
  File "C:\Program Files\WindowsApps\PythonSoftwareFoundation.Python.3.13_3.13.3824.0_x64__qbz5n2kfra8p0\Lib\xmlrpc\client.py", line 1325, in parse_response
    return u.close()
           ~~~~~~~^^
  File "C:\Program Files\WindowsApps\PythonSoftwareFoundation.Python.3.13_3.13.3824.0_x64__qbz5n2kfra8p0\Lib\xmlrpc\client.py", line 642, in close
    raise Fault(**self._stack[0])
xmlrpc.client.Fault: <Fault 1: 'Traceback (most recent call last):\n  File "/usr/lib/python3/dist-packages/odoo/addons/rpc/controllers/xmlrpc.py", line 162, in xmlrpc_2\n    response = self._xmlrpc(service)\n               ^^^^^^^^^^^^^^^^^^^^^\n  File "/usr/lib/python3/dist-packages/odoo/addons/rpc/controllers/xmlrpc.py", line 134, in _xmlrpc\n    result = dispatch_rpc(service, method, params)\n             ^^^^^^^^^^^^^^^^^^^^^^^^^^^^^^^^^^^^^\n  File "/usr/lib/python3/dist-packages/odoo/http.py", line 445, in dispatch_rpc\n    return dispatch(method, params)\n           ^^^^^^^^^^^^^^^^^^^^^^^^\n  File "/usr/lib/python3/dist-packages/odoo/service/model.py", line 130, in dispatch\n    res = execute_cr(cr, uid, model, method_, args, kw)\n          ^^^^^^^^^^^^^^^^^^^^^^^^^^^^^^^^^^^^^^^^^^^^^\n  File "/usr/lib/python3/dist-packages/odoo/service/model.py", line 147, in execute_cr\n    result = retrying(partial(call_kw, recs, method, args, kw), env)\n             ^^^^^^^^^^^^^^^^^^^^^^^^^^^^^^^^^^^^^^^^^^^^^^^^^^^^^^^\n  File "/usr/lib/python3/dist-packages/odoo/service/model.py", line 185, in retrying\n    result = func()\n             ^^^^^^\n  File "/usr/lib/python3/dist-packages/odoo/service/model.py", line 94, in call_kw\n    result = method(recs, *args, **kwargs)\n             ^^^^^^^^^^^^^^^^^^^^^^^^^^^^^\n  File "/usr/lib/python3/dist-packages/odoo/orm/models.py", line 1378, in search\n    return self.search_fetch(domain, [], offset=offset, limit=limit, order=order)\n           ^^^^^^^^^^^^^^^^^^^^^^^^^^^^^^^^^^^^^^^^^^^^^^^^^^^^^^^^^^^^^^^^^^^^^^\n  File "/usr/lib/python3/dist-packages/odoo/orm/models.py", line 1408, in search_fetch\n    query = self._search(domain, offset=offset, limit=limit, order=order or self._order)\n            ^^^^^^^^^^^^^^^^^^^^^^^^^^^^^^^^^^^^^^^^^^^^^^^^^^^^^^^^^^^^^^^^^^^^^^^^^^^^\n  File "/usr/lib/python3/dist-packages/odoo/orm/models.py", line 5353, in _search\n    domain = Domain(domain)\n             ^^^^^^^^^^^^^^\n  File "/usr/lib/python3/dist-packages/odoo/orm/domains.py", line 269, in __new__\n    raise ValueError(f"Domain() invalid item in domain: {item!r}")\nValueError: Domain() invalid item in domain: [[\'name\', \'=\', \'ICT General\']]\n'>
2026-09-15 10:35:02,992 ERROR Failed to process message at offset 6
Traceback (most recent call last):
  File "C:\Users\JasonAs\Pictures\Odoo-Kraken\kafka-sandbox\kraken_to_odoo_consumer.py", line 279, in run
    odoo_fields = transform_ticket(ticket, odoo)
  File "C:\Users\JasonAs\Pictures\Odoo-Kraken\kafka-sandbox\kraken_to_odoo_consumer.py", line 209, in transform_ticket
    department_id = odoo.get_department_id(department_name)
  File "C:\Users\JasonAs\Pictures\Odoo-Kraken\kafka-sandbox\kraken_to_odoo_consumer.py", line 150, in get_department_id
    ids = self._execute("hr.department", "search", [[("name", "=", department_name)]])
  File "C:\Users\JasonAs\Pictures\Odoo-Kraken\kafka-sandbox\kraken_to_odoo_consumer.py", line 137, in _execute
    return self.models.execute_kw(ODOO_DB, self.uid, ODOO_API_KEY, model, method, list(args))
           ~~~~~~~~~~~~~~~~~~~~~~^^^^^^^^^^^^^^^^^^^^^^^^^^^^^^^^^^^^^^^^^^^^^^^^^^^^^^^^^^^^
  File "C:\Program Files\WindowsApps\PythonSoftwareFoundation.Python.3.13_3.13.3824.0_x64__qbz5n2kfra8p0\Lib\xmlrpc\client.py", line 1096, in __call__
    return self.__send(self.__name, args)
           ~~~~~~~~~~~^^^^^^^^^^^^^^^^^^^
  File "C:\Program Files\WindowsApps\PythonSoftwareFoundation.Python.3.13_3.13.3824.0_x64__qbz5n2kfra8p0\Lib\xmlrpc\client.py", line 1435, in __request
    response = self.__transport.request(
        self.__host,
    ...<2 lines>...
        verbose=self.__verbose
        )
  File "C:\Program Files\WindowsApps\PythonSoftwareFoundation.Python.3.13_3.13.3824.0_x64__qbz5n2kfra8p0\Lib\xmlrpc\client.py", line 1140, in request
    return self.single_request(host, handler, request_body, verbose)
           ~~~~~~~~~~~~~~~~~~~^^^^^^^^^^^^^^^^^^^^^^^^^^^^^^^^^^^^^^
  File "C:\Program Files\WindowsApps\PythonSoftwareFoundation.Python.3.13_3.13.3824.0_x64__qbz5n2kfra8p0\Lib\xmlrpc\client.py", line 1156, in single_request
    return self.parse_response(resp)
           ~~~~~~~~~~~~~~~~~~~^^^^^^
  File "C:\Program Files\WindowsApps\PythonSoftwareFoundation.Python.3.13_3.13.3824.0_x64__qbz5n2kfra8p0\Lib\xmlrpc\client.py", line 1325, in parse_response
    return u.close()
           ~~~~~~~^^
  File "C:\Program Files\WindowsApps\PythonSoftwareFoundation.Python.3.13_3.13.3824.0_x64__qbz5n2kfra8p0\Lib\xmlrpc\client.py", line 642, in close
    raise Fault(**self._stack[0])
xmlrpc.client.Fault: <Fault 1: 'Traceback (most recent call last):\n  File "/usr/lib/python3/dist-packages/odoo/addons/rpc/controllers/xmlrpc.py", line 162, in xmlrpc_2\n    response = self._xmlrpc(service)\n               ^^^^^^^^^^^^^^^^^^^^^\n  File "/usr/lib/python3/dist-packages/odoo/addons/rpc/controllers/xmlrpc.py", line 134, in _xmlrpc\n    result = dispatch_rpc(service, method, params)\n             ^^^^^^^^^^^^^^^^^^^^^^^^^^^^^^^^^^^^^\n  File "/usr/lib/python3/dist-packages/odoo/http.py", line 445, in dispatch_rpc\n    return dispatch(method, params)\n           ^^^^^^^^^^^^^^^^^^^^^^^^\n  File "/usr/lib/python3/dist-packages/odoo/service/model.py", line 130, in dispatch\n    res = execute_cr(cr, uid, model, method_, args, kw)\n          ^^^^^^^^^^^^^^^^^^^^^^^^^^^^^^^^^^^^^^^^^^^^^\n  File "/usr/lib/python3/dist-packages/odoo/service/model.py", line 147, in execute_cr\n    result = retrying(partial(call_kw, recs, method, args, kw), env)\n             ^^^^^^^^^^^^^^^^^^^^^^^^^^^^^^^^^^^^^^^^^^^^^^^^^^^^^^^\n  File "/usr/lib/python3/dist-packages/odoo/service/model.py", line 185, in retrying\n    result = func()\n             ^^^^^^\n  File "/usr/lib/python3/dist-packages/odoo/service/model.py", line 94, in call_kw\n    result = method(recs, *args, **kwargs)\n             ^^^^^^^^^^^^^^^^^^^^^^^^^^^^^\n  File "/usr/lib/python3/dist-packages/odoo/orm/models.py", line 1378, in search\n    return self.search_fetch(domain, [], offset=offset, limit=limit, order=order)\n           ^^^^^^^^^^^^^^^^^^^^^^^^^^^^^^^^^^^^^^^^^^^^^^^^^^^^^^^^^^^^^^^^^^^^^^\n  File "/usr/lib/python3/dist-packages/odoo/orm/models.py", line 1408, in search_fetch\n    query = self._search(domain, offset=offset, limit=limit, order=order or self._order)\n            ^^^^^^^^^^^^^^^^^^^^^^^^^^^^^^^^^^^^^^^^^^^^^^^^^^^^^^^^^^^^^^^^^^^^^^^^^^^^\n  File "/usr/lib/python3/dist-packages/odoo/orm/models.py", line 5353, in _search\n    domain = Domain(domain)\n             ^^^^^^^^^^^^^^\n  File "/usr/lib/python3/dist-packages/odoo/orm/domains.py", line 269, in __new__\n    raise ValueError(f"Domain() invalid item in domain: {item!r}")\nValueError: Domain() invalid item in domain: [[\'name\', \'=\', \'ICT General\']]\n'>
2026-09-15 10:35:03,038 ERROR Failed to process message at offset 7
Traceback (most recent call last):
  File "C:\Users\JasonAs\Pictures\Odoo-Kraken\kafka-sandbox\kraken_to_odoo_consumer.py", line 279, in run
    odoo_fields = transform_ticket(ticket, odoo)
  File "C:\Users\JasonAs\Pictures\Odoo-Kraken\kafka-sandbox\kraken_to_odoo_consumer.py", line 209, in transform_ticket
    department_id = odoo.get_department_id(department_name)
  File "C:\Users\JasonAs\Pictures\Odoo-Kraken\kafka-sandbox\kraken_to_odoo_consumer.py", line 150, in get_department_id
    ids = self._execute("hr.department", "search", [[("name", "=", department_name)]])
  File "C:\Users\JasonAs\Pictures\Odoo-Kraken\kafka-sandbox\kraken_to_odoo_consumer.py", line 137, in _execute
    return self.models.execute_kw(ODOO_DB, self.uid, ODOO_API_KEY, model, method, list(args))
           ~~~~~~~~~~~~~~~~~~~~~~^^^^^^^^^^^^^^^^^^^^^^^^^^^^^^^^^^^^^^^^^^^^^^^^^^^^^^^^^^^^
  File "C:\Program Files\WindowsApps\PythonSoftwareFoundation.Python.3.13_3.13.3824.0_x64__qbz5n2kfra8p0\Lib\xmlrpc\client.py", line 1096, in __call__
    return self.__send(self.__name, args)
           ~~~~~~~~~~~^^^^^^^^^^^^^^^^^^^
  File "C:\Program Files\WindowsApps\PythonSoftwareFoundation.Python.3.13_3.13.3824.0_x64__qbz5n2kfra8p0\Lib\xmlrpc\client.py", line 1435, in __request
    response = self.__transport.request(
        self.__host,
    ...<2 lines>...
        verbose=self.__verbose
        )
  File "C:\Program Files\WindowsApps\PythonSoftwareFoundation.Python.3.13_3.13.3824.0_x64__qbz5n2kfra8p0\Lib\xmlrpc\client.py", line 1140, in request
    return self.single_request(host, handler, request_body, verbose)
           ~~~~~~~~~~~~~~~~~~~^^^^^^^^^^^^^^^^^^^^^^^^^^^^^^^^^^^^^^
  File "C:\Program Files\WindowsApps\PythonSoftwareFoundation.Python.3.13_3.13.3824.0_x64__qbz5n2kfra8p0\Lib\xmlrpc\client.py", line 1156, in single_request
    return self.parse_response(resp)
           ~~~~~~~~~~~~~~~~~~~^^^^^^
  File "C:\Program Files\WindowsApps\PythonSoftwareFoundation.Python.3.13_3.13.3824.0_x64__qbz5n2kfra8p0\Lib\xmlrpc\client.py", line 1325, in parse_response
    return u.close()
           ~~~~~~~^^
  File "C:\Program Files\WindowsApps\PythonSoftwareFoundation.Python.3.13_3.13.3824.0_x64__qbz5n2kfra8p0\Lib\xmlrpc\client.py", line 642, in close
    raise Fault(**self._stack[0])
xmlrpc.client.Fault: <Fault 1: 'Traceback (most recent call last):\n  File "/usr/lib/python3/dist-packages/odoo/addons/rpc/controllers/xmlrpc.py", line 162, in xmlrpc_2\n    response = self._xmlrpc(service)\n               ^^^^^^^^^^^^^^^^^^^^^\n  File "/usr/lib/python3/dist-packages/odoo/addons/rpc/controllers/xmlrpc.py", line 134, in _xmlrpc\n    result = dispatch_rpc(service, method, params)\n             ^^^^^^^^^^^^^^^^^^^^^^^^^^^^^^^^^^^^^\n  File "/usr/lib/python3/dist-packages/odoo/http.py", line 445, in dispatch_rpc\n    return dispatch(method, params)\n           ^^^^^^^^^^^^^^^^^^^^^^^^\n  File "/usr/lib/python3/dist-packages/odoo/service/model.py", line 130, in dispatch\n    res = execute_cr(cr, uid, model, method_, args, kw)\n          ^^^^^^^^^^^^^^^^^^^^^^^^^^^^^^^^^^^^^^^^^^^^^\n  File "/usr/lib/python3/dist-packages/odoo/service/model.py", line 147, in execute_cr\n    result = retrying(partial(call_kw, recs, method, args, kw), env)\n             ^^^^^^^^^^^^^^^^^^^^^^^^^^^^^^^^^^^^^^^^^^^^^^^^^^^^^^^\n  File "/usr/lib/python3/dist-packages/odoo/service/model.py", line 185, in retrying\n    result = func()\n             ^^^^^^\n  File "/usr/lib/python3/dist-packages/odoo/service/model.py", line 94, in call_kw\n    result = method(recs, *args, **kwargs)\n             ^^^^^^^^^^^^^^^^^^^^^^^^^^^^^\n  File "/usr/lib/python3/dist-packages/odoo/orm/models.py", line 1378, in search\n    return self.search_fetch(domain, [], offset=offset, limit=limit, order=order)\n           ^^^^^^^^^^^^^^^^^^^^^^^^^^^^^^^^^^^^^^^^^^^^^^^^^^^^^^^^^^^^^^^^^^^^^^\n  File "/usr/lib/python3/dist-packages/odoo/orm/models.py", line 1408, in search_fetch\n    query = self._search(domain, offset=offset, limit=limit, order=order or self._order)\n            ^^^^^^^^^^^^^^^^^^^^^^^^^^^^^^^^^^^^^^^^^^^^^^^^^^^^^^^^^^^^^^^^^^^^^^^^^^^^\n  File "/usr/lib/python3/dist-packages/odoo/orm/models.py", line 5353, in _search\n    domain = Domain(domain)\n             ^^^^^^^^^^^^^^\n  File "/usr/lib/python3/dist-packages/odoo/orm/domains.py", line 269, in __new__\n    raise ValueError(f"Domain() invalid item in domain: {item!r}")\nValueError: Domain() invalid item in domain: [[\'name\', \'=\', \'ICT General\']]\n'>
2026-09-15 10:35:03,087 ERROR Failed to process message at offset 8
Traceback (most recent call last):
  File "C:\Users\JasonAs\Pictures\Odoo-Kraken\kafka-sandbox\kraken_to_odoo_consumer.py", line 279, in run
    odoo_fields = transform_ticket(ticket, odoo)
  File "C:\Users\JasonAs\Pictures\Odoo-Kraken\kafka-sandbox\kraken_to_odoo_consumer.py", line 209, in transform_ticket
    department_id = odoo.get_department_id(department_name)
  File "C:\Users\JasonAs\Pictures\Odoo-Kraken\kafka-sandbox\kraken_to_odoo_consumer.py", line 150, in get_department_id
    ids = self._execute("hr.department", "search", [[("name", "=", department_name)]])
  File "C:\Users\JasonAs\Pictures\Odoo-Kraken\kafka-sandbox\kraken_to_odoo_consumer.py", line 137, in _execute
    return self.models.execute_kw(ODOO_DB, self.uid, ODOO_API_KEY, model, method, list(args))
           ~~~~~~~~~~~~~~~~~~~~~~^^^^^^^^^^^^^^^^^^^^^^^^^^^^^^^^^^^^^^^^^^^^^^^^^^^^^^^^^^^^
  File "C:\Program Files\WindowsApps\PythonSoftwareFoundation.Python.3.13_3.13.3824.0_x64__qbz5n2kfra8p0\Lib\xmlrpc\client.py", line 1096, in __call__
    return self.__send(self.__name, args)
           ~~~~~~~~~~~^^^^^^^^^^^^^^^^^^^
  File "C:\Program Files\WindowsApps\PythonSoftwareFoundation.Python.3.13_3.13.3824.0_x64__qbz5n2kfra8p0\Lib\xmlrpc\client.py", line 1435, in __request
    response = self.__transport.request(
        self.__host,
    ...<2 lines>...
        verbose=self.__verbose
        )
  File "C:\Program Files\WindowsApps\PythonSoftwareFoundation.Python.3.13_3.13.3824.0_x64__qbz5n2kfra8p0\Lib\xmlrpc\client.py", line 1140, in request
    return self.single_request(host, handler, request_body, verbose)
           ~~~~~~~~~~~~~~~~~~~^^^^^^^^^^^^^^^^^^^^^^^^^^^^^^^^^^^^^^
  File "C:\Program Files\WindowsApps\PythonSoftwareFoundation.Python.3.13_3.13.3824.0_x64__qbz5n2kfra8p0\Lib\xmlrpc\client.py", line 1156, in single_request
    return self.parse_response(resp)
           ~~~~~~~~~~~~~~~~~~~^^^^^^
  File "C:\Program Files\WindowsApps\PythonSoftwareFoundation.Python.3.13_3.13.3824.0_x64__qbz5n2kfra8p0\Lib\xmlrpc\client.py", line 1325, in parse_response
    return u.close()
           ~~~~~~~^^
  File "C:\Program Files\WindowsApps\PythonSoftwareFoundation.Python.3.13_3.13.3824.0_x64__qbz5n2kfra8p0\Lib\xmlrpc\client.py", line 642, in close
    raise Fault(**self._stack[0])
xmlrpc.client.Fault: <Fault 1: 'Traceback (most recent call last):\n  File "/usr/lib/python3/dist-packages/odoo/addons/rpc/controllers/xmlrpc.py", line 162, in xmlrpc_2\n    response = self._xmlrpc(service)\n               ^^^^^^^^^^^^^^^^^^^^^\n  File "/usr/lib/python3/dist-packages/odoo/addons/rpc/controllers/xmlrpc.py", line 134, in _xmlrpc\n    result = dispatch_rpc(service, method, params)\n             ^^^^^^^^^^^^^^^^^^^^^^^^^^^^^^^^^^^^^\n  File "/usr/lib/python3/dist-packages/odoo/http.py", line 445, in dispatch_rpc\n    return dispatch(method, params)\n           ^^^^^^^^^^^^^^^^^^^^^^^^\n  File "/usr/lib/python3/dist-packages/odoo/service/model.py", line 130, in dispatch\n    res = execute_cr(cr, uid, model, method_, args, kw)\n          ^^^^^^^^^^^^^^^^^^^^^^^^^^^^^^^^^^^^^^^^^^^^^\n  File "/usr/lib/python3/dist-packages/odoo/service/model.py", line 147, in execute_cr\n    result = retrying(partial(call_kw, recs, method, args, kw), env)\n             ^^^^^^^^^^^^^^^^^^^^^^^^^^^^^^^^^^^^^^^^^^^^^^^^^^^^^^^\n  File "/usr/lib/python3/dist-packages/odoo/service/model.py", line 185, in retrying\n    result = func()\n             ^^^^^^\n  File "/usr/lib/python3/dist-packages/odoo/service/model.py", line 94, in call_kw\n    result = method(recs, *args, **kwargs)\n             ^^^^^^^^^^^^^^^^^^^^^^^^^^^^^\n  File "/usr/lib/python3/dist-packages/odoo/orm/models.py", line 1378, in search\n    return self.search_fetch(domain, [], offset=offset, limit=limit, order=order)\n           ^^^^^^^^^^^^^^^^^^^^^^^^^^^^^^^^^^^^^^^^^^^^^^^^^^^^^^^^^^^^^^^^^^^^^^\n  File "/usr/lib/python3/dist-packages/odoo/orm/models.py", line 1408, in search_fetch\n    query = self._search(domain, offset=offset, limit=limit, order=order or self._order)\n            ^^^^^^^^^^^^^^^^^^^^^^^^^^^^^^^^^^^^^^^^^^^^^^^^^^^^^^^^^^^^^^^^^^^^^^^^^^^^\n  File "/usr/lib/python3/dist-packages/odoo/orm/models.py", line 5353, in _search\n    domain = Domain(domain)\n             ^^^^^^^^^^^^^^\n  File "/usr/lib/python3/dist-packages/odoo/orm/domains.py", line 269, in __new__\n    raise ValueError(f"Domain() invalid item in domain: {item!r}")\nValueError: Domain() invalid item in domain: [[\'name\', \'=\', \'ICT General\']]\n'>
2026-09-15 10:35:03,138 ERROR Failed to process message at offset 9
Traceback (most recent call last):
  File "C:\Users\JasonAs\Pictures\Odoo-Kraken\kafka-sandbox\kraken_to_odoo_consumer.py", line 279, in run
    odoo_fields = transform_ticket(ticket, odoo)
  File "C:\Users\JasonAs\Pictures\Odoo-Kraken\kafka-sandbox\kraken_to_odoo_consumer.py", line 209, in transform_ticket
    department_id = odoo.get_department_id(department_name)
  File "C:\Users\JasonAs\Pictures\Odoo-Kraken\kafka-sandbox\kraken_to_odoo_consumer.py", line 150, in get_department_id
    ids = self._execute("hr.department", "search", [[("name", "=", department_name)]])
  File "C:\Users\JasonAs\Pictures\Odoo-Kraken\kafka-sandbox\kraken_to_odoo_consumer.py", line 137, in _execute
    return self.models.execute_kw(ODOO_DB, self.uid, ODOO_API_KEY, model, method, list(args))
           ~~~~~~~~~~~~~~~~~~~~~~^^^^^^^^^^^^^^^^^^^^^^^^^^^^^^^^^^^^^^^^^^^^^^^^^^^^^^^^^^^^
  File "C:\Program Files\WindowsApps\PythonSoftwareFoundation.Python.3.13_3.13.3824.0_x64__qbz5n2kfra8p0\Lib\xmlrpc\client.py", line 1096, in __call__
    return self.__send(self.__name, args)
           ~~~~~~~~~~~^^^^^^^^^^^^^^^^^^^
  File "C:\Program Files\WindowsApps\PythonSoftwareFoundation.Python.3.13_3.13.3824.0_x64__qbz5n2kfra8p0\Lib\xmlrpc\client.py", line 1435, in __request
    response = self.__transport.request(
        self.__host,
    ...<2 lines>...
        verbose=self.__verbose
        )
  File "C:\Program Files\WindowsApps\PythonSoftwareFoundation.Python.3.13_3.13.3824.0_x64__qbz5n2kfra8p0\Lib\xmlrpc\client.py", line 1140, in request
    return self.single_request(host, handler, request_body, verbose)
           ~~~~~~~~~~~~~~~~~~~^^^^^^^^^^^^^^^^^^^^^^^^^^^^^^^^^^^^^^
  File "C:\Program Files\WindowsApps\PythonSoftwareFoundation.Python.3.13_3.13.3824.0_x64__qbz5n2kfra8p0\Lib\xmlrpc\client.py", line 1156, in single_request
    return self.parse_response(resp)
           ~~~~~~~~~~~~~~~~~~~^^^^^^
  File "C:\Program Files\WindowsApps\PythonSoftwareFoundation.Python.3.13_3.13.3824.0_x64__qbz5n2kfra8p0\Lib\xmlrpc\client.py", line 1325, in parse_response
    return u.close()
           ~~~~~~~^^
  File "C:\Program Files\WindowsApps\PythonSoftwareFoundation.Python.3.13_3.13.3824.0_x64__qbz5n2kfra8p0\Lib\xmlrpc\client.py", line 642, in close
    raise Fault(**self._stack[0])
xmlrpc.client.Fault: <Fault 1: 'Traceback (most recent call last):\n  File "/usr/lib/python3/dist-packages/odoo/addons/rpc/controllers/xmlrpc.py", line 162, in xmlrpc_2\n    response = self._xmlrpc(service)\n               ^^^^^^^^^^^^^^^^^^^^^\n  File "/usr/lib/python3/dist-packages/odoo/addons/rpc/controllers/xmlrpc.py", line 134, in _xmlrpc\n    result = dispatch_rpc(service, method, params)\n             ^^^^^^^^^^^^^^^^^^^^^^^^^^^^^^^^^^^^^\n  File "/usr/lib/python3/dist-packages/odoo/http.py", line 445, in dispatch_rpc\n    return dispatch(method, params)\n           ^^^^^^^^^^^^^^^^^^^^^^^^\n  File "/usr/lib/python3/dist-packages/odoo/service/model.py", line 130, in dispatch\n    res = execute_cr(cr, uid, model, method_, args, kw)\n          ^^^^^^^^^^^^^^^^^^^^^^^^^^^^^^^^^^^^^^^^^^^^^\n  File "/usr/lib/python3/dist-packages/odoo/service/model.py", line 147, in execute_cr\n    result = retrying(partial(call_kw, recs, method, args, kw), env)\n             ^^^^^^^^^^^^^^^^^^^^^^^^^^^^^^^^^^^^^^^^^^^^^^^^^^^^^^^\n  File "/usr/lib/python3/dist-packages/odoo/service/model.py", line 185, in retrying\n    result = func()\n             ^^^^^^\n  File "/usr/lib/python3/dist-packages/odoo/service/model.py", line 94, in call_kw\n    result = method(recs, *args, **kwargs)\n             ^^^^^^^^^^^^^^^^^^^^^^^^^^^^^\n  File "/usr/lib/python3/dist-packages/odoo/orm/models.py", line 1378, in search\n    return self.search_fetch(domain, [], offset=offset, limit=limit, order=order)\n           ^^^^^^^^^^^^^^^^^^^^^^^^^^^^^^^^^^^^^^^^^^^^^^^^^^^^^^^^^^^^^^^^^^^^^^\n  File "/usr/lib/python3/dist-packages/odoo/orm/models.py", line 1408, in search_fetch\n    query = self._search(domain, offset=offset, limit=limit, order=order or self._order)\n            ^^^^^^^^^^^^^^^^^^^^^^^^^^^^^^^^^^^^^^^^^^^^^^^^^^^^^^^^^^^^^^^^^^^^^^^^^^^^\n  File "/usr/lib/python3/dist-packages/odoo/orm/models.py", line 5353, in _search\n    domain = Domain(domain)\n             ^^^^^^^^^^^^^^\n  File "/usr/lib/python3/dist-packages/odoo/orm/domains.py", line 269, in __new__\n    raise ValueError(f"Domain() invalid item in domain: {item!r}")\nValueError: Domain() invalid item in domain: [[\'name\', \'=\', \'ICT General\']]\n'>
2026-09-15 10:35:50,440 ERROR Failed to process message at offset 10
Traceback (most recent call last):
  File "C:\Users\JasonAs\Pictures\Odoo-Kraken\kafka-sandbox\kraken_to_odoo_consumer.py", line 279, in run
    odoo_fields = transform_ticket(ticket, odoo)
  File "C:\Users\JasonAs\Pictures\Odoo-Kraken\kafka-sandbox\kraken_to_odoo_consumer.py", line 209, in transform_ticket
    department_id = odoo.get_department_id(department_name)
  File "C:\Users\JasonAs\Pictures\Odoo-Kraken\kafka-sandbox\kraken_to_odoo_consumer.py", line 150, in get_department_id
    ids = self._execute("hr.department", "search", [[("name", "=", department_name)]])
  File "C:\Users\JasonAs\Pictures\Odoo-Kraken\kafka-sandbox\kraken_to_odoo_consumer.py", line 137, in _execute
    return self.models.execute_kw(ODOO_DB, self.uid, ODOO_API_KEY, model, method, list(args))
           ~~~~~~~~~~~~~~~~~~~~~~^^^^^^^^^^^^^^^^^^^^^^^^^^^^^^^^^^^^^^^^^^^^^^^^^^^^^^^^^^^^
  File "C:\Program Files\WindowsApps\PythonSoftwareFoundation.Python.3.13_3.13.3824.0_x64__qbz5n2kfra8p0\Lib\xmlrpc\client.py", line 1096, in __call__
    return self.__send(self.__name, args)
           ~~~~~~~~~~~^^^^^^^^^^^^^^^^^^^
  File "C:\Program Files\WindowsApps\PythonSoftwareFoundation.Python.3.13_3.13.3824.0_x64__qbz5n2kfra8p0\Lib\xmlrpc\client.py", line 1435, in __request
    response = self.__transport.request(
        self.__host,
    ...<2 lines>...
        verbose=self.__verbose
        )
  File "C:\Program Files\WindowsApps\PythonSoftwareFoundation.Python.3.13_3.13.3824.0_x64__qbz5n2kfra8p0\Lib\xmlrpc\client.py", line 1140, in request
    return self.single_request(host, handler, request_body, verbose)
           ~~~~~~~~~~~~~~~~~~~^^^^^^^^^^^^^^^^^^^^^^^^^^^^^^^^^^^^^^
  File "C:\Program Files\WindowsApps\PythonSoftwareFoundation.Python.3.13_3.13.3824.0_x64__qbz5n2kfra8p0\Lib\xmlrpc\client.py", line 1156, in single_request
    return self.parse_response(resp)
           ~~~~~~~~~~~~~~~~~~~^^^^^^
  File "C:\Program Files\WindowsApps\PythonSoftwareFoundation.Python.3.13_3.13.3824.0_x64__qbz5n2kfra8p0\Lib\xmlrpc\client.py", line 1325, in parse_response
    return u.close()
           ~~~~~~~^^
  File "C:\Program Files\WindowsApps\PythonSoftwareFoundation.Python.3.13_3.13.3824.0_x64__qbz5n2kfra8p0\Lib\xmlrpc\client.py", line 642, in close
    raise Fault(**self._stack[0])
xmlrpc.client.Fault: <Fault 1: 'Traceback (most recent call last):\n  File "/usr/lib/python3/dist-packages/odoo/addons/rpc/controllers/xmlrpc.py", line 162, in xmlrpc_2\n    response = self._xmlrpc(service)\n               ^^^^^^^^^^^^^^^^^^^^^\n  File "/usr/lib/python3/dist-packages/odoo/addons/rpc/controllers/xmlrpc.py", line 134, in _xmlrpc\n    result = dispatch_rpc(service, method, params)\n             ^^^^^^^^^^^^^^^^^^^^^^^^^^^^^^^^^^^^^\n  File "/usr/lib/python3/dist-packages/odoo/http.py", line 445, in dispatch_rpc\n    return dispatch(method, params)\n           ^^^^^^^^^^^^^^^^^^^^^^^^\n  File "/usr/lib/python3/dist-packages/odoo/service/model.py", line 130, in dispatch\n    res = execute_cr(cr, uid, model, method_, args, kw)\n          ^^^^^^^^^^^^^^^^^^^^^^^^^^^^^^^^^^^^^^^^^^^^^\n  File "/usr/lib/python3/dist-packages/odoo/service/model.py", line 147, in execute_cr\n    result = retrying(partial(call_kw, recs, method, args, kw), env)\n             ^^^^^^^^^^^^^^^^^^^^^^^^^^^^^^^^^^^^^^^^^^^^^^^^^^^^^^^\n  File "/usr/lib/python3/dist-packages/odoo/service/model.py", line 185, in retrying\n    result = func()\n             ^^^^^^\n  File "/usr/lib/python3/dist-packages/odoo/service/model.py", line 94, in call_kw\n    result = method(recs, *args, **kwargs)\n             ^^^^^^^^^^^^^^^^^^^^^^^^^^^^^\n  File "/usr/lib/python3/dist-packages/odoo/orm/models.py", line 1378, in search\n    return self.search_fetch(domain, [], offset=offset, limit=limit, order=order)\n           ^^^^^^^^^^^^^^^^^^^^^^^^^^^^^^^^^^^^^^^^^^^^^^^^^^^^^^^^^^^^^^^^^^^^^^\n  File "/usr/lib/python3/dist-packages/odoo/orm/models.py", line 1408, in search_fetch\n    query = self._search(domain, offset=offset, limit=limit, order=order or self._order)\n            ^^^^^^^^^^^^^^^^^^^^^^^^^^^^^^^^^^^^^^^^^^^^^^^^^^^^^^^^^^^^^^^^^^^^^^^^^^^^\n  File "/usr/lib/python3/dist-packages/odoo/orm/models.py", line 5353, in _search\n    domain = Domain(domain)\n             ^^^^^^^^^^^^^^\n  File "/usr/lib/python3/dist-packages/odoo/orm/domains.py", line 269, in __new__\n    raise ValueError(f"Domain() invalid item in domain: {item!r}")\nValueError: Domain() invalid item in domain: [[\'name\', \'=\', \'NOC\']]\n'>
2026-09-15 10:35:50,888 ERROR Failed to process message at offset 11
Traceback (most recent call last):
  File "C:\Users\JasonAs\Pictures\Odoo-Kraken\kafka-sandbox\kraken_to_odoo_consumer.py", line 279, in run
    odoo_fields = transform_ticket(ticket, odoo)
  File "C:\Users\JasonAs\Pictures\Odoo-Kraken\kafka-sandbox\kraken_to_odoo_consumer.py", line 209, in transform_ticket
    department_id = odoo.get_department_id(department_name)
  File "C:\Users\JasonAs\Pictures\Odoo-Kraken\kafka-sandbox\kraken_to_odoo_consumer.py", line 150, in get_department_id
    ids = self._execute("hr.department", "search", [[("name", "=", department_name)]])
  File "C:\Users\JasonAs\Pictures\Odoo-Kraken\kafka-sandbox\kraken_to_odoo_consumer.py", line 137, in _execute
    return self.models.execute_kw(ODOO_DB, self.uid, ODOO_API_KEY, model, method, list(args))
           ~~~~~~~~~~~~~~~~~~~~~~^^^^^^^^^^^^^^^^^^^^^^^^^^^^^^^^^^^^^^^^^^^^^^^^^^^^^^^^^^^^
  File "C:\Program Files\WindowsApps\PythonSoftwareFoundation.Python.3.13_3.13.3824.0_x64__qbz5n2kfra8p0\Lib\xmlrpc\client.py", line 1096, in __call__
    return self.__send(self.__name, args)
           ~~~~~~~~~~~^^^^^^^^^^^^^^^^^^^
  File "C:\Program Files\WindowsApps\PythonSoftwareFoundation.Python.3.13_3.13.3824.0_x64__qbz5n2kfra8p0\Lib\xmlrpc\client.py", line 1435, in __request
    response = self.__transport.request(
        self.__host,
    ...<2 lines>...
        verbose=self.__verbose
        )
  File "C:\Program Files\WindowsApps\PythonSoftwareFoundation.Python.3.13_3.13.3824.0_x64__qbz5n2kfra8p0\Lib\xmlrpc\client.py", line 1140, in request
    return self.single_request(host, handler, request_body, verbose)
           ~~~~~~~~~~~~~~~~~~~^^^^^^^^^^^^^^^^^^^^^^^^^^^^^^^^^^^^^^
  File "C:\Program Files\WindowsApps\PythonSoftwareFoundation.Python.3.13_3.13.3824.0_x64__qbz5n2kfra8p0\Lib\xmlrpc\client.py", line 1156, in single_request
    return self.parse_response(resp)
           ~~~~~~~~~~~~~~~~~~~^^^^^^
  File "C:\Program Files\WindowsApps\PythonSoftwareFoundation.Python.3.13_3.13.3824.0_x64__qbz5n2kfra8p0\Lib\xmlrpc\client.py", line 1325, in parse_response
    return u.close()
           ~~~~~~~^^
  File "C:\Program Files\WindowsApps\PythonSoftwareFoundation.Python.3.13_3.13.3824.0_x64__qbz5n2kfra8p0\Lib\xmlrpc\client.py", line 642, in close
    raise Fault(**self._stack[0])
xmlrpc.client.Fault: <Fault 1: 'Traceback (most recent call last):\n  File "/usr/lib/python3/dist-packages/odoo/addons/rpc/controllers/xmlrpc.py", line 162, in xmlrpc_2\n    response = self._xmlrpc(service)\n               ^^^^^^^^^^^^^^^^^^^^^\n  File "/usr/lib/python3/dist-packages/odoo/addons/rpc/controllers/xmlrpc.py", line 134, in _xmlrpc\n    result = dispatch_rpc(service, method, params)\n             ^^^^^^^^^^^^^^^^^^^^^^^^^^^^^^^^^^^^^\n  File "/usr/lib/python3/dist-packages/odoo/http.py", line 445, in dispatch_rpc\n    return dispatch(method, params)\n           ^^^^^^^^^^^^^^^^^^^^^^^^\n  File "/usr/lib/python3/dist-packages/odoo/service/model.py", line 130, in dispatch\n    res = execute_cr(cr, uid, model, method_, args, kw)\n          ^^^^^^^^^^^^^^^^^^^^^^^^^^^^^^^^^^^^^^^^^^^^^\n  File "/usr/lib/python3/dist-packages/odoo/service/model.py", line 147, in execute_cr\n    result = retrying(partial(call_kw, recs, method, args, kw), env)\n             ^^^^^^^^^^^^^^^^^^^^^^^^^^^^^^^^^^^^^^^^^^^^^^^^^^^^^^^\n  File "/usr/lib/python3/dist-packages/odoo/service/model.py", line 185, in retrying\n    result = func()\n             ^^^^^^\n  File "/usr/lib/python3/dist-packages/odoo/service/model.py", line 94, in call_kw\n    result = method(recs, *args, **kwargs)\n             ^^^^^^^^^^^^^^^^^^^^^^^^^^^^^\n  File "/usr/lib/python3/dist-packages/odoo/orm/models.py", line 1378, in search\n    return self.search_fetch(domain, [], offset=offset, limit=limit, order=order)\n           ^^^^^^^^^^^^^^^^^^^^^^^^^^^^^^^^^^^^^^^^^^^^^^^^^^^^^^^^^^^^^^^^^^^^^^\n  File "/usr/lib/python3/dist-packages/odoo/orm/models.py", line 1408, in search_fetch\n    query = self._search(domain, offset=offset, limit=limit, order=order or self._order)\n            ^^^^^^^^^^^^^^^^^^^^^^^^^^^^^^^^^^^^^^^^^^^^^^^^^^^^^^^^^^^^^^^^^^^^^^^^^^^^\n  File "/usr/lib/python3/dist-packages/odoo/orm/models.py", line 5353, in _search\n    domain = Domain(domain)\n             ^^^^^^^^^^^^^^\n  File "/usr/lib/python3/dist-packages/odoo/orm/domains.py", line 269, in __new__\n    raise ValueError(f"Domain() invalid item in domain: {item!r}")\nValueError: Domain() invalid item in domain: [[\'name\', \'=\', \'CyberHawk\']]\n'>
2026-09-15 10:35:51,399 ERROR Failed to process message at offset 12
Traceback (most recent call last):
  File "C:\Users\JasonAs\Pictures\Odoo-Kraken\kafka-sandbox\kraken_to_odoo_consumer.py", line 279, in run
    odoo_fields = transform_ticket(ticket, odoo)
  File "C:\Users\JasonAs\Pictures\Odoo-Kraken\kafka-sandbox\kraken_to_odoo_consumer.py", line 209, in transform_ticket
    department_id = odoo.get_department_id(department_name)
  File "C:\Users\JasonAs\Pictures\Odoo-Kraken\kafka-sandbox\kraken_to_odoo_consumer.py", line 150, in get_department_id
    ids = self._execute("hr.department", "search", [[("name", "=", department_name)]])
  File "C:\Users\JasonAs\Pictures\Odoo-Kraken\kafka-sandbox\kraken_to_odoo_consumer.py", line 137, in _execute
    return self.models.execute_kw(ODOO_DB, self.uid, ODOO_API_KEY, model, method, list(args))
           ~~~~~~~~~~~~~~~~~~~~~~^^^^^^^^^^^^^^^^^^^^^^^^^^^^^^^^^^^^^^^^^^^^^^^^^^^^^^^^^^^^
  File "C:\Program Files\WindowsApps\PythonSoftwareFoundation.Python.3.13_3.13.3824.0_x64__qbz5n2kfra8p0\Lib\xmlrpc\client.py", line 1096, in __call__
    return self.__send(self.__name, args)
           ~~~~~~~~~~~^^^^^^^^^^^^^^^^^^^
  File "C:\Program Files\WindowsApps\PythonSoftwareFoundation.Python.3.13_3.13.3824.0_x64__qbz5n2kfra8p0\Lib\xmlrpc\client.py", line 1435, in __request
    response = self.__transport.request(
        self.__host,
    ...<2 lines>...
        verbose=self.__verbose
        )
  File "C:\Program Files\WindowsApps\PythonSoftwareFoundation.Python.3.13_3.13.3824.0_x64__qbz5n2kfra8p0\Lib\xmlrpc\client.py", line 1140, in request
    return self.single_request(host, handler, request_body, verbose)
           ~~~~~~~~~~~~~~~~~~~^^^^^^^^^^^^^^^^^^^^^^^^^^^^^^^^^^^^^^
  File "C:\Program Files\WindowsApps\PythonSoftwareFoundation.Python.3.13_3.13.3824.0_x64__qbz5n2kfra8p0\Lib\xmlrpc\client.py", line 1156, in single_request
    return self.parse_response(resp)
           ~~~~~~~~~~~~~~~~~~~^^^^^^
  File "C:\Program Files\WindowsApps\PythonSoftwareFoundation.Python.3.13_3.13.3824.0_x64__qbz5n2kfra8p0\Lib\xmlrpc\client.py", line 1325, in parse_response
    return u.close()
           ~~~~~~~^^
  File "C:\Program Files\WindowsApps\PythonSoftwareFoundation.Python.3.13_3.13.3824.0_x64__qbz5n2kfra8p0\Lib\xmlrpc\client.py", line 642, in close
    raise Fault(**self._stack[0])
xmlrpc.client.Fault: <Fault 1: 'Traceback (most recent call last):\n  File "/usr/lib/python3/dist-packages/odoo/addons/rpc/controllers/xmlrpc.py", line 162, in xmlrpc_2\n    response = self._xmlrpc(service)\n               ^^^^^^^^^^^^^^^^^^^^^\n  File "/usr/lib/python3/dist-packages/odoo/addons/rpc/controllers/xmlrpc.py", line 134, in _xmlrpc\n    result = dispatch_rpc(service, method, params)\n             ^^^^^^^^^^^^^^^^^^^^^^^^^^^^^^^^^^^^^\n  File "/usr/lib/python3/dist-packages/odoo/http.py", line 445, in dispatch_rpc\n    return dispatch(method, params)\n           ^^^^^^^^^^^^^^^^^^^^^^^^\n  File "/usr/lib/python3/dist-packages/odoo/service/model.py", line 130, in dispatch\n    res = execute_cr(cr, uid, model, method_, args, kw)\n          ^^^^^^^^^^^^^^^^^^^^^^^^^^^^^^^^^^^^^^^^^^^^^\n  File "/usr/lib/python3/dist-packages/odoo/service/model.py", line 147, in execute_cr\n    result = retrying(partial(call_kw, recs, method, args, kw), env)\n             ^^^^^^^^^^^^^^^^^^^^^^^^^^^^^^^^^^^^^^^^^^^^^^^^^^^^^^^\n  File "/usr/lib/python3/dist-packages/odoo/service/model.py", line 185, in retrying\n    result = func()\n             ^^^^^^\n  File "/usr/lib/python3/dist-packages/odoo/service/model.py", line 94, in call_kw\n    result = method(recs, *args, **kwargs)\n             ^^^^^^^^^^^^^^^^^^^^^^^^^^^^^\n  File "/usr/lib/python3/dist-packages/odoo/orm/models.py", line 1378, in search\n    return self.search_fetch(domain, [], offset=offset, limit=limit, order=order)\n           ^^^^^^^^^^^^^^^^^^^^^^^^^^^^^^^^^^^^^^^^^^^^^^^^^^^^^^^^^^^^^^^^^^^^^^\n  File "/usr/lib/python3/dist-packages/odoo/orm/models.py", line 1408, in search_fetch\n    query = self._search(domain, offset=offset, limit=limit, order=order or self._order)\n            ^^^^^^^^^^^^^^^^^^^^^^^^^^^^^^^^^^^^^^^^^^^^^^^^^^^^^^^^^^^^^^^^^^^^^^^^^^^^\n  File "/usr/lib/python3/dist-packages/odoo/orm/models.py", line 5353, in _search\n    domain = Domain(domain)\n             ^^^^^^^^^^^^^^\n  File "/usr/lib/python3/dist-packages/odoo/orm/domains.py", line 269, in __new__\n    raise ValueError(f"Domain() invalid item in domain: {item!r}")\nValueError: Domain() invalid item in domain: [[\'name\', \'=\', \'CyberHawk\']]\n'>
2026-09-15 10:35:51,895 ERROR Failed to process message at offset 13
Traceback (most recent call last):
  File "C:\Users\JasonAs\Pictures\Odoo-Kraken\kafka-sandbox\kraken_to_odoo_consumer.py", line 279, in run
    odoo_fields = transform_ticket(ticket, odoo)
  File "C:\Users\JasonAs\Pictures\Odoo-Kraken\kafka-sandbox\kraken_to_odoo_consumer.py", line 209, in transform_ticket
    department_id = odoo.get_department_id(department_name)
  File "C:\Users\JasonAs\Pictures\Odoo-Kraken\kafka-sandbox\kraken_to_odoo_consumer.py", line 150, in get_department_id
    ids = self._execute("hr.department", "search", [[("name", "=", department_name)]])
  File "C:\Users\JasonAs\Pictures\Odoo-Kraken\kafka-sandbox\kraken_to_odoo_consumer.py", line 137, in _execute
    return self.models.execute_kw(ODOO_DB, self.uid, ODOO_API_KEY, model, method, list(args))
           ~~~~~~~~~~~~~~~~~~~~~~^^^^^^^^^^^^^^^^^^^^^^^^^^^^^^^^^^^^^^^^^^^^^^^^^^^^^^^^^^^^
  File "C:\Program Files\WindowsApps\PythonSoftwareFoundation.Python.3.13_3.13.3824.0_x64__qbz5n2kfra8p0\Lib\xmlrpc\client.py", line 1096, in __call__
    return self.__send(self.__name, args)
           ~~~~~~~~~~~^^^^^^^^^^^^^^^^^^^
  File "C:\Program Files\WindowsApps\PythonSoftwareFoundation.Python.3.13_3.13.3824.0_x64__qbz5n2kfra8p0\Lib\xmlrpc\client.py", line 1435, in __request
    response = self.__transport.request(
        self.__host,
    ...<2 lines>...
        verbose=self.__verbose
        )
  File "C:\Program Files\WindowsApps\PythonSoftwareFoundation.Python.3.13_3.13.3824.0_x64__qbz5n2kfra8p0\Lib\xmlrpc\client.py", line 1140, in request
    return self.single_request(host, handler, request_body, verbose)
           ~~~~~~~~~~~~~~~~~~~^^^^^^^^^^^^^^^^^^^^^^^^^^^^^^^^^^^^^^
  File "C:\Program Files\WindowsApps\PythonSoftwareFoundation.Python.3.13_3.13.3824.0_x64__qbz5n2kfra8p0\Lib\xmlrpc\client.py", line 1156, in single_request
    return self.parse_response(resp)
           ~~~~~~~~~~~~~~~~~~~^^^^^^
  File "C:\Program Files\WindowsApps\PythonSoftwareFoundation.Python.3.13_3.13.3824.0_x64__qbz5n2kfra8p0\Lib\xmlrpc\client.py", line 1325, in parse_response
    return u.close()
           ~~~~~~~^^
  File "C:\Program Files\WindowsApps\PythonSoftwareFoundation.Python.3.13_3.13.3824.0_x64__qbz5n2kfra8p0\Lib\xmlrpc\client.py", line 642, in close
    raise Fault(**self._stack[0])
xmlrpc.client.Fault: <Fault 1: 'Traceback (most recent call last):\n  File "/usr/lib/python3/dist-packages/odoo/addons/rpc/controllers/xmlrpc.py", line 162, in xmlrpc_2\n    response = self._xmlrpc(service)\n               ^^^^^^^^^^^^^^^^^^^^^\n  File "/usr/lib/python3/dist-packages/odoo/addons/rpc/controllers/xmlrpc.py", line 134, in _xmlrpc\n    result = dispatch_rpc(service, method, params)\n             ^^^^^^^^^^^^^^^^^^^^^^^^^^^^^^^^^^^^^\n  File "/usr/lib/python3/dist-packages/odoo/http.py", line 445, in dispatch_rpc\n    return dispatch(method, params)\n           ^^^^^^^^^^^^^^^^^^^^^^^^\n  File "/usr/lib/python3/dist-packages/odoo/service/model.py", line 130, in dispatch\n    res = execute_cr(cr, uid, model, method_, args, kw)\n          ^^^^^^^^^^^^^^^^^^^^^^^^^^^^^^^^^^^^^^^^^^^^^\n  File "/usr/lib/python3/dist-packages/odoo/service/model.py", line 147, in execute_cr\n    result = retrying(partial(call_kw, recs, method, args, kw), env)\n             ^^^^^^^^^^^^^^^^^^^^^^^^^^^^^^^^^^^^^^^^^^^^^^^^^^^^^^^\n  File "/usr/lib/python3/dist-packages/odoo/service/model.py", line 185, in retrying\n    result = func()\n             ^^^^^^\n  File "/usr/lib/python3/dist-packages/odoo/service/model.py", line 94, in call_kw\n    result = method(recs, *args, **kwargs)\n             ^^^^^^^^^^^^^^^^^^^^^^^^^^^^^\n  File "/usr/lib/python3/dist-packages/odoo/orm/models.py", line 1378, in search\n    return self.search_fetch(domain, [], offset=offset, limit=limit, order=order)\n           ^^^^^^^^^^^^^^^^^^^^^^^^^^^^^^^^^^^^^^^^^^^^^^^^^^^^^^^^^^^^^^^^^^^^^^\n  File "/usr/lib/python3/dist-packages/odoo/orm/models.py", line 1408, in search_fetch\n    query = self._search(domain, offset=offset, limit=limit, order=order or self._order)\n            ^^^^^^^^^^^^^^^^^^^^^^^^^^^^^^^^^^^^^^^^^^^^^^^^^^^^^^^^^^^^^^^^^^^^^^^^^^^^\n  File "/usr/lib/python3/dist-packages/odoo/orm/models.py", line 5353, in _search\n    domain = Domain(domain)\n             ^^^^^^^^^^^^^^\n  File "/usr/lib/python3/dist-packages/odoo/orm/domains.py", line 269, in __new__\n    raise ValueError(f"Domain() invalid item in domain: {item!r}")\nValueError: Domain() invalid item in domain: [[\'name\', \'=\', \'NOC\']]\n'>
2026-09-15 10:35:52,381 ERROR Failed to process message at offset 14
Traceback (most recent call last):
  File "C:\Users\JasonAs\Pictures\Odoo-Kraken\kafka-sandbox\kraken_to_odoo_consumer.py", line 279, in run
    odoo_fields = transform_ticket(ticket, odoo)
  File "C:\Users\JasonAs\Pictures\Odoo-Kraken\kafka-sandbox\kraken_to_odoo_consumer.py", line 209, in transform_ticket
    department_id = odoo.get_department_id(department_name)
  File "C:\Users\JasonAs\Pictures\Odoo-Kraken\kafka-sandbox\kraken_to_odoo_consumer.py", line 150, in get_department_id
    ids = self._execute("hr.department", "search", [[("name", "=", department_name)]])
  File "C:\Users\JasonAs\Pictures\Odoo-Kraken\kafka-sandbox\kraken_to_odoo_consumer.py", line 137, in _execute
    return self.models.execute_kw(ODOO_DB, self.uid, ODOO_API_KEY, model, method, list(args))
           ~~~~~~~~~~~~~~~~~~~~~~^^^^^^^^^^^^^^^^^^^^^^^^^^^^^^^^^^^^^^^^^^^^^^^^^^^^^^^^^^^^
  File "C:\Program Files\WindowsApps\PythonSoftwareFoundation.Python.3.13_3.13.3824.0_x64__qbz5n2kfra8p0\Lib\xmlrpc\client.py", line 1096, in __call__
    return self.__send(self.__name, args)
           ~~~~~~~~~~~^^^^^^^^^^^^^^^^^^^
  File "C:\Program Files\WindowsApps\PythonSoftwareFoundation.Python.3.13_3.13.3824.0_x64__qbz5n2kfra8p0\Lib\xmlrpc\client.py", line 1435, in __request
    response = self.__transport.request(
        self.__host,
    ...<2 lines>...
        verbose=self.__verbose
        )
  File "C:\Program Files\WindowsApps\PythonSoftwareFoundation.Python.3.13_3.13.3824.0_x64__qbz5n2kfra8p0\Lib\xmlrpc\client.py", line 1140, in request
    return self.single_request(host, handler, request_body, verbose)
           ~~~~~~~~~~~~~~~~~~~^^^^^^^^^^^^^^^^^^^^^^^^^^^^^^^^^^^^^^
  File "C:\Program Files\WindowsApps\PythonSoftwareFoundation.Python.3.13_3.13.3824.0_x64__qbz5n2kfra8p0\Lib\xmlrpc\client.py", line 1156, in single_request
    return self.parse_response(resp)
           ~~~~~~~~~~~~~~~~~~~^^^^^^
  File "C:\Program Files\WindowsApps\PythonSoftwareFoundation.Python.3.13_3.13.3824.0_x64__qbz5n2kfra8p0\Lib\xmlrpc\client.py", line 1325, in parse_response
    return u.close()
           ~~~~~~~^^
  File "C:\Program Files\WindowsApps\PythonSoftwareFoundation.Python.3.13_3.13.3824.0_x64__qbz5n2kfra8p0\Lib\xmlrpc\client.py", line 642, in close
    raise Fault(**self._stack[0])
xmlrpc.client.Fault: <Fault 1: 'Traceback (most recent call last):\n  File "/usr/lib/python3/dist-packages/odoo/addons/rpc/controllers/xmlrpc.py", line 162, in xmlrpc_2\n    response = self._xmlrpc(service)\n               ^^^^^^^^^^^^^^^^^^^^^\n  File "/usr/lib/python3/dist-packages/odoo/addons/rpc/controllers/xmlrpc.py", line 134, in _xmlrpc\n    result = dispatch_rpc(service, method, params)\n             ^^^^^^^^^^^^^^^^^^^^^^^^^^^^^^^^^^^^^\n  File "/usr/lib/python3/dist-packages/odoo/http.py", line 445, in dispatch_rpc\n    return dispatch(method, params)\n           ^^^^^^^^^^^^^^^^^^^^^^^^\n  File "/usr/lib/python3/dist-packages/odoo/service/model.py", line 130, in dispatch\n    res = execute_cr(cr, uid, model, method_, args, kw)\n          ^^^^^^^^^^^^^^^^^^^^^^^^^^^^^^^^^^^^^^^^^^^^^\n  File "/usr/lib/python3/dist-packages/odoo/service/model.py", line 147, in execute_cr\n    result = retrying(partial(call_kw, recs, method, args, kw), env)\n             ^^^^^^^^^^^^^^^^^^^^^^^^^^^^^^^^^^^^^^^^^^^^^^^^^^^^^^^\n  File "/usr/lib/python3/dist-packages/odoo/service/model.py", line 185, in retrying\n    result = func()\n             ^^^^^^\n  File "/usr/lib/python3/dist-packages/odoo/service/model.py", line 94, in call_kw\n    result = method(recs, *args, **kwargs)\n             ^^^^^^^^^^^^^^^^^^^^^^^^^^^^^\n  File "/usr/lib/python3/dist-packages/odoo/orm/models.py", line 1378, in search\n    return self.search_fetch(domain, [], offset=offset, limit=limit, order=order)\n           ^^^^^^^^^^^^^^^^^^^^^^^^^^^^^^^^^^^^^^^^^^^^^^^^^^^^^^^^^^^^^^^^^^^^^^\n  File "/usr/lib/python3/dist-packages/odoo/orm/models.py", line 1408, in search_fetch\n    query = self._search(domain, offset=offset, limit=limit, order=order or self._order)\n            ^^^^^^^^^^^^^^^^^^^^^^^^^^^^^^^^^^^^^^^^^^^^^^^^^^^^^^^^^^^^^^^^^^^^^^^^^^^^\n  File "/usr/lib/python3/dist-packages/odoo/orm/models.py", line 5353, in _search\n    domain = Domain(domain)\n             ^^^^^^^^^^^^^^\n  File "/usr/lib/python3/dist-packages/odoo/orm/domains.py", line 269, in __new__\n    raise ValueError(f"Domain() invalid item in domain: {item!r}")\nValueError: Domain() invalid item in domain: [[\'name\', \'=\', \'IT&DC\']]\n'>
2026-09-15 10:39:25,587 INFO IO loop starting (client_id=kafka-python-3.0.11)
2026-09-15 10:39:25,588 INFO Attempting bootstrap to bootstrap-0 at localhost:9094 (rack None)
2026-09-15 10:39:25,588 INFO Initializing connection for node_id bootstrap-0 at localhost:9094 (rack=None)
2026-09-15 10:39:25,593 INFO <KafkaTCPTransport [::1:9094<-56971]>: connected to <socket.socket fd=1292, family=23, type=1, proto=0, laddr=('::1', 56971, 0, 0), raddr=('::1', 9094, 0, 0)>
2026-09-15 10:39:25,600 INFO <KafkaConnection node_id=bootstrap-0 host=[::1:9094<-56971] broker_version=unknown (initializing)>: Broker version identified as 3.9
2026-09-15 10:39:25,600 INFO <KafkaConnection node_id=bootstrap-0 host=[::1:9094<-56971] broker_version=(3, 9) (connected)>: Connected
2026-09-15 10:39:25,607 INFO Updated metadata: ClusterMetadata(brokers: 1, topics: 0, coordinators: 0)
2026-09-15 10:39:25,608 INFO Bootstrap complete: ClusterMetadata(brokers: 1, topics: 0, coordinators: 0)
2026-09-15 10:39:25,608 INFO Closing bootstrap connection bootstrap-0
2026-09-15 10:39:25,608 INFO <KafkaTCPTransport [::1:9094<-56971]>: Closing transport
2026-09-15 10:39:25,608 INFO <KafkaConnection node_id=bootstrap-0 broker_version=(3, 9) (disconnected)>: Connection closed
2026-09-15 10:39:25,608 INFO Starting metadata refresh loop
2026-09-15 10:39:25,609 INFO Updating subscribed topics to: ('tickets',)
2026-09-15 10:39:25,610 INFO Listening on topic 'tickets' as group 'odoo-ticket-sync'...
2026-09-15 10:39:25,611 INFO Initializing connection for node_id 1 at localhost:9094 (rack=None)
2026-09-15 10:39:25,612 INFO <KafkaTCPTransport [::1:9094<-56972]>: connected to <socket.socket fd=1296, family=23, type=1, proto=0, laddr=('::1', 56972, 0, 0), raddr=('::1', 9094, 0, 0)>
2026-09-15 10:39:25,619 INFO <KafkaConnection node_id=1 host=[::1:9094<-56972] broker_version=(3, 9) (connected)>: Connected
2026-09-15 10:39:25,623 INFO Coordinator for GROUP/odoo-ticket-sync is MetadataResponseBroker(node_id='coordinator-1', host='localhost', port=9094, rack=None)
2026-09-15 10:39:25,623 INFO Discovered coordinator coordinator-1 for group odoo-ticket-sync
2026-09-15 10:39:25,623 INFO Initializing connection for node_id coordinator-1 at localhost:9094 (rack=None)
2026-09-15 10:39:25,625 INFO <KafkaTCPTransport [::1:9094<-56973]>: connected to <socket.socket fd=1300, family=23, type=1, proto=0, laddr=('::1', 56973, 0, 0), raddr=('::1', 9094, 0, 0)>
2026-09-15 10:39:25,625 INFO Revoking previously assigned partitions set() for group odoo-ticket-sync
2026-09-15 10:39:25,626 INFO (Re-)joining group odoo-ticket-sync
2026-09-15 10:39:25,632 INFO <KafkaConnection node_id=coordinator-1 host=[::1:9094<-56973] broker_version=(3, 9) (connected)>: Connected
2026-09-15 10:39:25,640 INFO Received member id kafka-python-3.0.11-2ce6fcaf-300b-44ec-904c-6989a1c33267 for group odoo-ticket-sync; will retry join-group
2026-09-15 10:39:25,640 INFO (Re-)joining group odoo-ticket-sync
2026-09-15 10:39:25,717 INFO Updated metadata: ClusterMetadata(brokers: 1, topics: 1, coordinators: 1)
2026-09-15 10:40:05,335 INFO Successfully joined group odoo-ticket-sync <Generation 2 (member_id: kafka-python-3.0.11-2ce6fcaf-300b-44ec-904c-6989a1c33267, protocol: range)>
2026-09-15 10:40:05,335 INFO Elected group leader -- performing partition assignments using range
2026-09-15 10:40:05,340 INFO Updated metadata: ClusterMetadata(brokers: 1, topics: 1, coordinators: 1)
2026-09-15 10:40:05,342 INFO Updated partition assignment: [TopicPartition(topic='tickets', partition=0)]
2026-09-15 10:40:05,342 INFO Setting newly assigned partitions {TopicPartition(topic='tickets', partition=0)} for group odoo-ticket-sync
2026-09-15 10:41:32,633 WARNING No Odoo user mapped for assignedTo='supertech_erp'
2026-09-15 10:41:32,690 ERROR Failed to process message at offset 15
Traceback (most recent call last):
  File "C:\Users\JasonAs\Pictures\Odoo-Kraken\kafka-sandbox\kraken_to_odoo_consumer.py", line 279, in run
    odoo_fields = transform_ticket(ticket, odoo)
  File "C:\Users\JasonAs\Pictures\Odoo-Kraken\kafka-sandbox\kraken_to_odoo_consumer.py", line 231, in transform_ticket
    "project_id": odoo.get_project_id(),
                  ~~~~~~~~~~~~~~~~~~~^^
  File "C:\Users\JasonAs\Pictures\Odoo-Kraken\kafka-sandbox\kraken_to_odoo_consumer.py", line 143, in get_project_id
    raise RuntimeError(f"Odoo project '{ODOO_PROJECT_NAME}' not found")
RuntimeError: Odoo project 'TOR Odoo Project' not found
2026-09-15 10:41:33,040 WARNING No Odoo user mapped for assignedTo='Ahsesa.Frimpong'
2026-09-15 10:41:33,087 ERROR Failed to process message at offset 16
Traceback (most recent call last):
  File "C:\Users\JasonAs\Pictures\Odoo-Kraken\kafka-sandbox\kraken_to_odoo_consumer.py", line 279, in run
    odoo_fields = transform_ticket(ticket, odoo)
  File "C:\Users\JasonAs\Pictures\Odoo-Kraken\kafka-sandbox\kraken_to_odoo_consumer.py", line 231, in transform_ticket
    "project_id": odoo.get_project_id(),
                  ~~~~~~~~~~~~~~~~~~~^^
  File "C:\Users\JasonAs\Pictures\Odoo-Kraken\kafka-sandbox\kraken_to_odoo_consumer.py", line 143, in get_project_id
    raise RuntimeError(f"Odoo project '{ODOO_PROJECT_NAME}' not found")
RuntimeError: Odoo project 'TOR Odoo Project' not found
2026-09-15 10:41:33,492 WARNING No Odoo user mapped for assignedTo='Andy.Appiah'
2026-09-15 10:41:33,538 ERROR Failed to process message at offset 17
Traceback (most recent call last):
  File "C:\Users\JasonAs\Pictures\Odoo-Kraken\kafka-sandbox\kraken_to_odoo_consumer.py", line 279, in run
    odoo_fields = transform_ticket(ticket, odoo)
  File "C:\Users\JasonAs\Pictures\Odoo-Kraken\kafka-sandbox\kraken_to_odoo_consumer.py", line 231, in transform_ticket
    "project_id": odoo.get_project_id(),
                  ~~~~~~~~~~~~~~~~~~~^^
  File "C:\Users\JasonAs\Pictures\Odoo-Kraken\kafka-sandbox\kraken_to_odoo_consumer.py", line 143, in get_project_id
    raise RuntimeError(f"Odoo project '{ODOO_PROJECT_NAME}' not found")
RuntimeError: Odoo project 'TOR Odoo Project' not found
2026-09-15 10:41:33,992 WARNING No Odoo user mapped for assignedTo='supertech_erp'
2026-09-15 10:41:34,038 ERROR Failed to process message at offset 18
Traceback (most recent call last):
  File "C:\Users\JasonAs\Pictures\Odoo-Kraken\kafka-sandbox\kraken_to_odoo_consumer.py", line 279, in run
    odoo_fields = transform_ticket(ticket, odoo)
  File "C:\Users\JasonAs\Pictures\Odoo-Kraken\kafka-sandbox\kraken_to_odoo_consumer.py", line 231, in transform_ticket
    "project_id": odoo.get_project_id(),
                  ~~~~~~~~~~~~~~~~~~~^^
  File "C:\Users\JasonAs\Pictures\Odoo-Kraken\kafka-sandbox\kraken_to_odoo_consumer.py", line 143, in get_project_id
    raise RuntimeError(f"Odoo project '{ODOO_PROJECT_NAME}' not found")
RuntimeError: Odoo project 'TOR Odoo Project' not found
2026-09-15 10:41:34,544 WARNING No Odoo user mapped for assignedTo='supertech_erp'
2026-09-15 10:41:34,584 ERROR Failed to process message at offset 19
Traceback (most recent call last):
  File "C:\Users\JasonAs\Pictures\Odoo-Kraken\kafka-sandbox\kraken_to_odoo_consumer.py", line 279, in run
    odoo_fields = transform_ticket(ticket, odoo)
  File "C:\Users\JasonAs\Pictures\Odoo-Kraken\kafka-sandbox\kraken_to_odoo_consumer.py", line 231, in transform_ticket
    "project_id": odoo.get_project_id(),
                  ~~~~~~~~~~~~~~~~~~~^^
  File "C:\Users\JasonAs\Pictures\Odoo-Kraken\kafka-sandbox\kraken_to_odoo_consumer.py", line 143, in get_project_id
    raise RuntimeError(f"Odoo project '{ODOO_PROJECT_NAME}' not found")
RuntimeError: Odoo project 'TOR Odoo Project' not found
2026-09-15 10:42:41,599 WARNING No Odoo user mapped for assignedTo='Ahsesa.Frimpong'
2026-09-15 10:42:41,637 ERROR Failed to process message at offset 20
Traceback (most recent call last):
  File "C:\Users\JasonAs\Pictures\Odoo-Kraken\kafka-sandbox\kraken_to_odoo_consumer.py", line 279, in run
    odoo_fields = transform_ticket(ticket, odoo)
  File "C:\Users\JasonAs\Pictures\Odoo-Kraken\kafka-sandbox\kraken_to_odoo_consumer.py", line 231, in transform_ticket
    "project_id": odoo.get_project_id(),
                  ~~~~~~~~~~~~~~~~~~~^^
  File "C:\Users\JasonAs\Pictures\Odoo-Kraken\kafka-sandbox\kraken_to_odoo_consumer.py", line 143, in get_project_id
    raise RuntimeError(f"Odoo project '{ODOO_PROJECT_NAME}' not found")
RuntimeError: Odoo project 'TOR Odoo Project' not found
2026-09-15 10:42:42,018 WARNING No Odoo user mapped for assignedTo='Ahsesa.Frimpong'
2026-09-15 10:42:42,059 ERROR Failed to process message at offset 21
Traceback (most recent call last):
  File "C:\Users\JasonAs\Pictures\Odoo-Kraken\kafka-sandbox\kraken_to_odoo_consumer.py", line 279, in run
    odoo_fields = transform_ticket(ticket, odoo)
  File "C:\Users\JasonAs\Pictures\Odoo-Kraken\kafka-sandbox\kraken_to_odoo_consumer.py", line 231, in transform_ticket
    "project_id": odoo.get_project_id(),
                  ~~~~~~~~~~~~~~~~~~~^^
  File "C:\Users\JasonAs\Pictures\Odoo-Kraken\kafka-sandbox\kraken_to_odoo_consumer.py", line 143, in get_project_id
    raise RuntimeError(f"Odoo project '{ODOO_PROJECT_NAME}' not found")
RuntimeError: Odoo project 'TOR Odoo Project' not found
2026-09-15 10:42:42,519 WARNING No Odoo user mapped for assignedTo='Andy.Appiah'
2026-09-15 10:42:42,572 ERROR Failed to process message at offset 22
Traceback (most recent call last):
  File "C:\Users\JasonAs\Pictures\Odoo-Kraken\kafka-sandbox\kraken_to_odoo_consumer.py", line 279, in run
    odoo_fields = transform_ticket(ticket, odoo)
  File "C:\Users\JasonAs\Pictures\Odoo-Kraken\kafka-sandbox\kraken_to_odoo_consumer.py", line 231, in transform_ticket
    "project_id": odoo.get_project_id(),
                  ~~~~~~~~~~~~~~~~~~~^^
  File "C:\Users\JasonAs\Pictures\Odoo-Kraken\kafka-sandbox\kraken_to_odoo_consumer.py", line 143, in get_project_id
    raise RuntimeError(f"Odoo project '{ODOO_PROJECT_NAME}' not found")
RuntimeError: Odoo project 'TOR Odoo Project' not found
2026-09-15 10:42:43,019 WARNING No Odoo user mapped for assignedTo='Ahsesa.Frimpong'
2026-09-15 10:42:43,075 ERROR Failed to process message at offset 23
Traceback (most recent call last):
  File "C:\Users\JasonAs\Pictures\Odoo-Kraken\kafka-sandbox\kraken_to_odoo_consumer.py", line 279, in run
    odoo_fields = transform_ticket(ticket, odoo)
  File "C:\Users\JasonAs\Pictures\Odoo-Kraken\kafka-sandbox\kraken_to_odoo_consumer.py", line 231, in transform_ticket
    "project_id": odoo.get_project_id(),
                  ~~~~~~~~~~~~~~~~~~~^^
  File "C:\Users\JasonAs\Pictures\Odoo-Kraken\kafka-sandbox\kraken_to_odoo_consumer.py", line 143, in get_project_id
    raise RuntimeError(f"Odoo project '{ODOO_PROJECT_NAME}' not found")
RuntimeError: Odoo project 'TOR Odoo Project' not found
2026-09-15 10:42:43,520 WARNING No Odoo user mapped for assignedTo='Ahsesa.Frimpong'
2026-09-15 10:42:43,562 ERROR Failed to process message at offset 24
Traceback (most recent call last):
  File "C:\Users\JasonAs\Pictures\Odoo-Kraken\kafka-sandbox\kraken_to_odoo_consumer.py", line 279, in run
    odoo_fields = transform_ticket(ticket, odoo)
  File "C:\Users\JasonAs\Pictures\Odoo-Kraken\kafka-sandbox\kraken_to_odoo_consumer.py", line 231, in transform_ticket
    "project_id": odoo.get_project_id(),
                  ~~~~~~~~~~~~~~~~~~~^^
  File "C:\Users\JasonAs\Pictures\Odoo-Kraken\kafka-sandbox\kraken_to_odoo_consumer.py", line 143, in get_project_id
    raise RuntimeError(f"Odoo project '{ODOO_PROJECT_NAME}' not found")
RuntimeError: Odoo project 'TOR Odoo Project' not found
2026-09-15 10:43:08,554 INFO IO loop starting (client_id=kafka-python-3.0.11)
2026-09-15 10:43:08,555 INFO Attempting bootstrap to bootstrap-0 at localhost:9094 (rack None)
2026-09-15 10:43:08,555 INFO Initializing connection for node_id bootstrap-0 at localhost:9094 (rack=None)
2026-09-15 10:43:08,559 INFO <KafkaTCPTransport [::1:9094<-62254]>: connected to <socket.socket fd=1260, family=23, type=1, proto=0, laddr=('::1', 62254, 0, 0), raddr=('::1', 9094, 0, 0)>
2026-09-15 10:43:08,565 INFO <KafkaConnection node_id=bootstrap-0 host=[::1:9094<-62254] broker_version=unknown (initializing)>: Broker version identified as 3.9
2026-09-15 10:43:08,566 INFO <KafkaConnection node_id=bootstrap-0 host=[::1:9094<-62254] broker_version=(3, 9) (connected)>: Connected
2026-09-15 10:43:08,571 INFO Updated metadata: ClusterMetadata(brokers: 1, topics: 0, coordinators: 0)
2026-09-15 10:43:08,571 INFO Bootstrap complete: ClusterMetadata(brokers: 1, topics: 0, coordinators: 0)
2026-09-15 10:43:08,571 INFO Closing bootstrap connection bootstrap-0
2026-09-15 10:43:08,572 INFO <KafkaTCPTransport [::1:9094<-62254]>: Closing transport
2026-09-15 10:43:08,572 INFO <KafkaConnection node_id=bootstrap-0 broker_version=(3, 9) (disconnected)>: Connection closed
2026-09-15 10:43:08,572 INFO Starting metadata refresh loop
2026-09-15 10:43:08,574 INFO Updating subscribed topics to: ('tickets',)
2026-09-15 10:43:08,574 INFO Listening on topic 'tickets' as group 'odoo-ticket-sync'...
2026-09-15 10:43:08,575 INFO Initializing connection for node_id 1 at localhost:9094 (rack=None)
2026-09-15 10:43:08,576 INFO <KafkaTCPTransport [::1:9094<-62255]>: connected to <socket.socket fd=1300, family=23, type=1, proto=0, laddr=('::1', 62255, 0, 0), raddr=('::1', 9094, 0, 0)>
2026-09-15 10:43:08,580 INFO <KafkaConnection node_id=1 host=[::1:9094<-62255] broker_version=(3, 9) (connected)>: Connected
2026-09-15 10:43:08,584 INFO Coordinator for GROUP/odoo-ticket-sync is MetadataResponseBroker(node_id='coordinator-1', host='localhost', port=9094, rack=None)
2026-09-15 10:43:08,584 INFO Discovered coordinator coordinator-1 for group odoo-ticket-sync
2026-09-15 10:43:08,584 INFO Initializing connection for node_id coordinator-1 at localhost:9094 (rack=None)
2026-09-15 10:43:08,586 INFO Revoking previously assigned partitions set() for group odoo-ticket-sync
2026-09-15 10:43:08,587 INFO <KafkaTCPTransport [::1:9094<-62256]>: connected to <socket.socket fd=1184, family=23, type=1, proto=0, laddr=('::1', 62256, 0, 0), raddr=('::1', 9094, 0, 0)>
2026-09-15 10:43:08,587 INFO (Re-)joining group odoo-ticket-sync
2026-09-15 10:43:08,593 INFO <KafkaConnection node_id=coordinator-1 host=[::1:9094<-62256] broker_version=(3, 9) (connected)>: Connected
2026-09-15 10:43:08,597 INFO Received member id kafka-python-3.0.11-a4bbf926-e1fc-45a3-94ac-9846d79c89e9 for group odoo-ticket-sync; will retry join-group
2026-09-15 10:43:08,598 INFO (Re-)joining group odoo-ticket-sync
2026-09-15 10:43:08,680 INFO Updated metadata: ClusterMetadata(brokers: 1, topics: 1, coordinators: 1)
2026-09-15 10:43:47,815 INFO Successfully joined group odoo-ticket-sync <Generation 3 (member_id: kafka-python-3.0.11-a4bbf926-e1fc-45a3-94ac-9846d79c89e9, protocol: range)>
2026-09-15 10:43:47,816 INFO Elected group leader -- performing partition assignments using range
2026-09-15 10:43:47,821 INFO Updated metadata: ClusterMetadata(brokers: 1, topics: 1, coordinators: 1)
2026-09-15 10:43:47,823 INFO Updated partition assignment: [TopicPartition(topic='tickets', partition=0)]
2026-09-15 10:43:47,823 INFO Setting newly assigned partitions {TopicPartition(topic='tickets', partition=0)} for group odoo-ticket-sync
2026-09-15 10:43:47,967 WARNING No Odoo user mapped for assignedTo='Andy.Appiah'
2026-09-15 10:43:48,013 ERROR Failed to process message at offset 25
Traceback (most recent call last):
  File "C:\Users\JasonAs\Pictures\Odoo-Kraken\kafka-sandbox\kraken_to_odoo_consumer.py", line 287, in run
    new_task_id = odoo.create_task(odoo_fields)
  File "C:\Users\JasonAs\Pictures\Odoo-Kraken\kafka-sandbox\kraken_to_odoo_consumer.py", line 164, in create_task
    return self._execute("project.task", "create", values)
           ~~~~~~~~~~~~~^^^^^^^^^^^^^^^^^^^^^^^^^^^^^^^^^^
  File "C:\Users\JasonAs\Pictures\Odoo-Kraken\kafka-sandbox\kraken_to_odoo_consumer.py", line 137, in _execute
    return self.models.execute_kw(ODOO_DB, self.uid, ODOO_API_KEY, model, method, list(args))
           ~~~~~~~~~~~~~~~~~~~~~~^^^^^^^^^^^^^^^^^^^^^^^^^^^^^^^^^^^^^^^^^^^^^^^^^^^^^^^^^^^^
  File "C:\Program Files\WindowsApps\PythonSoftwareFoundation.Python.3.13_3.13.3824.0_x64__qbz5n2kfra8p0\Lib\xmlrpc\client.py", line 1096, in __call__
    return self.__send(self.__name, args)
           ~~~~~~~~~~~^^^^^^^^^^^^^^^^^^^
  File "C:\Program Files\WindowsApps\PythonSoftwareFoundation.Python.3.13_3.13.3824.0_x64__qbz5n2kfra8p0\Lib\xmlrpc\client.py", line 1432, in __request
    request = dumps(params, methodname, encoding=self.__encoding,
              ~~~~~^^^^^^^^^^^^^^^^^^^^^^^^^^^^^^^^^^^^^^^^^^^^^^
                    allow_none=self.__allow_none).encode(self.__encoding, 'xmlcharrefreplace')
                    ^^^^^^^^^^^^^^^^^^^^^^^^^^^^^
  File "C:\Program Files\WindowsApps\PythonSoftwareFoundation.Python.3.13_3.13.3824.0_x64__qbz5n2kfra8p0\Lib\xmlrpc\client.py", line 955, in dumps
    data = m.dumps(params)
  File "C:\Program Files\WindowsApps\PythonSoftwareFoundation.Python.3.13_3.13.3824.0_x64__qbz5n2kfra8p0\Lib\xmlrpc\client.py", line 488, in dumps
    dump(v, write)
    ~~~~^^^^^^^^^^
  File "C:\Program Files\WindowsApps\PythonSoftwareFoundation.Python.3.13_3.13.3824.0_x64__qbz5n2kfra8p0\Lib\xmlrpc\client.py", line 510, in __dump
    f(self, value, write)
    ~^^^^^^^^^^^^^^^^^^^^
  File "C:\Program Files\WindowsApps\PythonSoftwareFoundation.Python.3.13_3.13.3824.0_x64__qbz5n2kfra8p0\Lib\xmlrpc\client.py", line 563, in dump_array
    dump(v, write)
    ~~~~^^^^^^^^^^
  File "C:\Program Files\WindowsApps\PythonSoftwareFoundation.Python.3.13_3.13.3824.0_x64__qbz5n2kfra8p0\Lib\xmlrpc\client.py", line 510, in __dump
    f(self, value, write)
    ~^^^^^^^^^^^^^^^^^^^^
  File "C:\Program Files\WindowsApps\PythonSoftwareFoundation.Python.3.13_3.13.3824.0_x64__qbz5n2kfra8p0\Lib\xmlrpc\client.py", line 581, in dump_struct
    dump(v, write)
    ~~~~^^^^^^^^^^
  File "C:\Program Files\WindowsApps\PythonSoftwareFoundation.Python.3.13_3.13.3824.0_x64__qbz5n2kfra8p0\Lib\xmlrpc\client.py", line 510, in __dump
    f(self, value, write)
    ~^^^^^^^^^^^^^^^^^^^^
  File "C:\Program Files\WindowsApps\PythonSoftwareFoundation.Python.3.13_3.13.3824.0_x64__qbz5n2kfra8p0\Lib\xmlrpc\client.py", line 514, in dump_nil
    raise TypeError("cannot marshal None unless allow_none is enabled")
TypeError: cannot marshal None unless allow_none is enabled
2026-09-15 10:43:48,020 WARNING No Odoo user mapped for assignedTo='Ahsesa.Frimpong'
2026-09-15 10:43:48,020 ERROR Failed to process message at offset 26
Traceback (most recent call last):
  File "C:\Users\JasonAs\Pictures\Odoo-Kraken\kafka-sandbox\kraken_to_odoo_consumer.py", line 287, in run
    new_task_id = odoo.create_task(odoo_fields)
  File "C:\Users\JasonAs\Pictures\Odoo-Kraken\kafka-sandbox\kraken_to_odoo_consumer.py", line 164, in create_task
    return self._execute("project.task", "create", values)
           ~~~~~~~~~~~~~^^^^^^^^^^^^^^^^^^^^^^^^^^^^^^^^^^
  File "C:\Users\JasonAs\Pictures\Odoo-Kraken\kafka-sandbox\kraken_to_odoo_consumer.py", line 137, in _execute
    return self.models.execute_kw(ODOO_DB, self.uid, ODOO_API_KEY, model, method, list(args))
           ~~~~~~~~~~~~~~~~~~~~~~^^^^^^^^^^^^^^^^^^^^^^^^^^^^^^^^^^^^^^^^^^^^^^^^^^^^^^^^^^^^
  File "C:\Program Files\WindowsApps\PythonSoftwareFoundation.Python.3.13_3.13.3824.0_x64__qbz5n2kfra8p0\Lib\xmlrpc\client.py", line 1096, in __call__
    return self.__send(self.__name, args)
           ~~~~~~~~~~~^^^^^^^^^^^^^^^^^^^
  File "C:\Program Files\WindowsApps\PythonSoftwareFoundation.Python.3.13_3.13.3824.0_x64__qbz5n2kfra8p0\Lib\xmlrpc\client.py", line 1432, in __request
    request = dumps(params, methodname, encoding=self.__encoding,
              ~~~~~^^^^^^^^^^^^^^^^^^^^^^^^^^^^^^^^^^^^^^^^^^^^^^
                    allow_none=self.__allow_none).encode(self.__encoding, 'xmlcharrefreplace')
                    ^^^^^^^^^^^^^^^^^^^^^^^^^^^^^
  File "C:\Program Files\WindowsApps\PythonSoftwareFoundation.Python.3.13_3.13.3824.0_x64__qbz5n2kfra8p0\Lib\xmlrpc\client.py", line 955, in dumps
    data = m.dumps(params)
  File "C:\Program Files\WindowsApps\PythonSoftwareFoundation.Python.3.13_3.13.3824.0_x64__qbz5n2kfra8p0\Lib\xmlrpc\client.py", line 488, in dumps
    dump(v, write)
    ~~~~^^^^^^^^^^
  File "C:\Program Files\WindowsApps\PythonSoftwareFoundation.Python.3.13_3.13.3824.0_x64__qbz5n2kfra8p0\Lib\xmlrpc\client.py", line 510, in __dump
    f(self, value, write)
    ~^^^^^^^^^^^^^^^^^^^^
  File "C:\Program Files\WindowsApps\PythonSoftwareFoundation.Python.3.13_3.13.3824.0_x64__qbz5n2kfra8p0\Lib\xmlrpc\client.py", line 563, in dump_array
    dump(v, write)
    ~~~~^^^^^^^^^^
  File "C:\Program Files\WindowsApps\PythonSoftwareFoundation.Python.3.13_3.13.3824.0_x64__qbz5n2kfra8p0\Lib\xmlrpc\client.py", line 510, in __dump
    f(self, value, write)
    ~^^^^^^^^^^^^^^^^^^^^
  File "C:\Program Files\WindowsApps\PythonSoftwareFoundation.Python.3.13_3.13.3824.0_x64__qbz5n2kfra8p0\Lib\xmlrpc\client.py", line 581, in dump_struct
    dump(v, write)
    ~~~~^^^^^^^^^^
  File "C:\Program Files\WindowsApps\PythonSoftwareFoundation.Python.3.13_3.13.3824.0_x64__qbz5n2kfra8p0\Lib\xmlrpc\client.py", line 510, in __dump
    f(self, value, write)
    ~^^^^^^^^^^^^^^^^^^^^
  File "C:\Program Files\WindowsApps\PythonSoftwareFoundation.Python.3.13_3.13.3824.0_x64__qbz5n2kfra8p0\Lib\xmlrpc\client.py", line 514, in dump_nil
    raise TypeError("cannot marshal None unless allow_none is enabled")
TypeError: cannot marshal None unless allow_none is enabled
2026-09-15 10:43:48,071 WARNING No Odoo user mapped for assignedTo='Andy.Appiah'
2026-09-15 10:43:48,072 ERROR Failed to process message at offset 27
Traceback (most recent call last):
  File "C:\Users\JasonAs\Pictures\Odoo-Kraken\kafka-sandbox\kraken_to_odoo_consumer.py", line 287, in run
    new_task_id = odoo.create_task(odoo_fields)
  File "C:\Users\JasonAs\Pictures\Odoo-Kraken\kafka-sandbox\kraken_to_odoo_consumer.py", line 164, in create_task
    return self._execute("project.task", "create", values)
           ~~~~~~~~~~~~~^^^^^^^^^^^^^^^^^^^^^^^^^^^^^^^^^^
  File "C:\Users\JasonAs\Pictures\Odoo-Kraken\kafka-sandbox\kraken_to_odoo_consumer.py", line 137, in _execute
    return self.models.execute_kw(ODOO_DB, self.uid, ODOO_API_KEY, model, method, list(args))
           ~~~~~~~~~~~~~~~~~~~~~~^^^^^^^^^^^^^^^^^^^^^^^^^^^^^^^^^^^^^^^^^^^^^^^^^^^^^^^^^^^^
  File "C:\Program Files\WindowsApps\PythonSoftwareFoundation.Python.3.13_3.13.3824.0_x64__qbz5n2kfra8p0\Lib\xmlrpc\client.py", line 1096, in __call__
    return self.__send(self.__name, args)
           ~~~~~~~~~~~^^^^^^^^^^^^^^^^^^^
  File "C:\Program Files\WindowsApps\PythonSoftwareFoundation.Python.3.13_3.13.3824.0_x64__qbz5n2kfra8p0\Lib\xmlrpc\client.py", line 1432, in __request
    request = dumps(params, methodname, encoding=self.__encoding,
              ~~~~~^^^^^^^^^^^^^^^^^^^^^^^^^^^^^^^^^^^^^^^^^^^^^^
                    allow_none=self.__allow_none).encode(self.__encoding, 'xmlcharrefreplace')
                    ^^^^^^^^^^^^^^^^^^^^^^^^^^^^^
  File "C:\Program Files\WindowsApps\PythonSoftwareFoundation.Python.3.13_3.13.3824.0_x64__qbz5n2kfra8p0\Lib\xmlrpc\client.py", line 955, in dumps
    data = m.dumps(params)
  File "C:\Program Files\WindowsApps\PythonSoftwareFoundation.Python.3.13_3.13.3824.0_x64__qbz5n2kfra8p0\Lib\xmlrpc\client.py", line 488, in dumps
    dump(v, write)
    ~~~~^^^^^^^^^^
  File "C:\Program Files\WindowsApps\PythonSoftwareFoundation.Python.3.13_3.13.3824.0_x64__qbz5n2kfra8p0\Lib\xmlrpc\client.py", line 510, in __dump
    f(self, value, write)
    ~^^^^^^^^^^^^^^^^^^^^
  File "C:\Program Files\WindowsApps\PythonSoftwareFoundation.Python.3.13_3.13.3824.0_x64__qbz5n2kfra8p0\Lib\xmlrpc\client.py", line 563, in dump_array
    dump(v, write)
    ~~~~^^^^^^^^^^
  File "C:\Program Files\WindowsApps\PythonSoftwareFoundation.Python.3.13_3.13.3824.0_x64__qbz5n2kfra8p0\Lib\xmlrpc\client.py", line 510, in __dump
    f(self, value, write)
    ~^^^^^^^^^^^^^^^^^^^^
  File "C:\Program Files\WindowsApps\PythonSoftwareFoundation.Python.3.13_3.13.3824.0_x64__qbz5n2kfra8p0\Lib\xmlrpc\client.py", line 581, in dump_struct
    dump(v, write)
    ~~~~^^^^^^^^^^
  File "C:\Program Files\WindowsApps\PythonSoftwareFoundation.Python.3.13_3.13.3824.0_x64__qbz5n2kfra8p0\Lib\xmlrpc\client.py", line 510, in __dump
    f(self, value, write)
    ~^^^^^^^^^^^^^^^^^^^^
  File "C:\Program Files\WindowsApps\PythonSoftwareFoundation.Python.3.13_3.13.3824.0_x64__qbz5n2kfra8p0\Lib\xmlrpc\client.py", line 514, in dump_nil
    raise TypeError("cannot marshal None unless allow_none is enabled")
TypeError: cannot marshal None unless allow_none is enabled
2026-09-15 10:43:48,126 WARNING No Odoo user mapped for assignedTo='Andy.Appiah'
2026-09-15 10:43:48,127 ERROR Failed to process message at offset 28
Traceback (most recent call last):
  File "C:\Users\JasonAs\Pictures\Odoo-Kraken\kafka-sandbox\kraken_to_odoo_consumer.py", line 287, in run
    new_task_id = odoo.create_task(odoo_fields)
  File "C:\Users\JasonAs\Pictures\Odoo-Kraken\kafka-sandbox\kraken_to_odoo_consumer.py", line 164, in create_task
    return self._execute("project.task", "create", values)
           ~~~~~~~~~~~~~^^^^^^^^^^^^^^^^^^^^^^^^^^^^^^^^^^
  File "C:\Users\JasonAs\Pictures\Odoo-Kraken\kafka-sandbox\kraken_to_odoo_consumer.py", line 137, in _execute
    return self.models.execute_kw(ODOO_DB, self.uid, ODOO_API_KEY, model, method, list(args))
           ~~~~~~~~~~~~~~~~~~~~~~^^^^^^^^^^^^^^^^^^^^^^^^^^^^^^^^^^^^^^^^^^^^^^^^^^^^^^^^^^^^
  File "C:\Program Files\WindowsApps\PythonSoftwareFoundation.Python.3.13_3.13.3824.0_x64__qbz5n2kfra8p0\Lib\xmlrpc\client.py", line 1096, in __call__
    return self.__send(self.__name, args)
           ~~~~~~~~~~~^^^^^^^^^^^^^^^^^^^
  File "C:\Program Files\WindowsApps\PythonSoftwareFoundation.Python.3.13_3.13.3824.0_x64__qbz5n2kfra8p0\Lib\xmlrpc\client.py", line 1432, in __request
    request = dumps(params, methodname, encoding=self.__encoding,
              ~~~~~^^^^^^^^^^^^^^^^^^^^^^^^^^^^^^^^^^^^^^^^^^^^^^
                    allow_none=self.__allow_none).encode(self.__encoding, 'xmlcharrefreplace')
                    ^^^^^^^^^^^^^^^^^^^^^^^^^^^^^
  File "C:\Program Files\WindowsApps\PythonSoftwareFoundation.Python.3.13_3.13.3824.0_x64__qbz5n2kfra8p0\Lib\xmlrpc\client.py", line 955, in dumps
    data = m.dumps(params)
  File "C:\Program Files\WindowsApps\PythonSoftwareFoundation.Python.3.13_3.13.3824.0_x64__qbz5n2kfra8p0\Lib\xmlrpc\client.py", line 488, in dumps
    dump(v, write)
    ~~~~^^^^^^^^^^
  File "C:\Program Files\WindowsApps\PythonSoftwareFoundation.Python.3.13_3.13.3824.0_x64__qbz5n2kfra8p0\Lib\xmlrpc\client.py", line 510, in __dump
    f(self, value, write)
    ~^^^^^^^^^^^^^^^^^^^^
  File "C:\Program Files\WindowsApps\PythonSoftwareFoundation.Python.3.13_3.13.3824.0_x64__qbz5n2kfra8p0\Lib\xmlrpc\client.py", line 563, in dump_array
    dump(v, write)
    ~~~~^^^^^^^^^^
  File "C:\Program Files\WindowsApps\PythonSoftwareFoundation.Python.3.13_3.13.3824.0_x64__qbz5n2kfra8p0\Lib\xmlrpc\client.py", line 510, in __dump
    f(self, value, write)
    ~^^^^^^^^^^^^^^^^^^^^
  File "C:\Program Files\WindowsApps\PythonSoftwareFoundation.Python.3.13_3.13.3824.0_x64__qbz5n2kfra8p0\Lib\xmlrpc\client.py", line 581, in dump_struct
    dump(v, write)
    ~~~~^^^^^^^^^^
  File "C:\Program Files\WindowsApps\PythonSoftwareFoundation.Python.3.13_3.13.3824.0_x64__qbz5n2kfra8p0\Lib\xmlrpc\client.py", line 510, in __dump
    f(self, value, write)
    ~^^^^^^^^^^^^^^^^^^^^
  File "C:\Program Files\WindowsApps\PythonSoftwareFoundation.Python.3.13_3.13.3824.0_x64__qbz5n2kfra8p0\Lib\xmlrpc\client.py", line 514, in dump_nil
    raise TypeError("cannot marshal None unless allow_none is enabled")
TypeError: cannot marshal None unless allow_none is enabled
2026-09-15 10:43:48,135 WARNING No Odoo user mapped for assignedTo='Ahsesa.Frimpong'
2026-09-15 10:43:48,135 ERROR Failed to process message at offset 29
Traceback (most recent call last):
  File "C:\Users\JasonAs\Pictures\Odoo-Kraken\kafka-sandbox\kraken_to_odoo_consumer.py", line 287, in run
    new_task_id = odoo.create_task(odoo_fields)
  File "C:\Users\JasonAs\Pictures\Odoo-Kraken\kafka-sandbox\kraken_to_odoo_consumer.py", line 164, in create_task
    return self._execute("project.task", "create", values)
           ~~~~~~~~~~~~~^^^^^^^^^^^^^^^^^^^^^^^^^^^^^^^^^^
  File "C:\Users\JasonAs\Pictures\Odoo-Kraken\kafka-sandbox\kraken_to_odoo_consumer.py", line 137, in _execute
    return self.models.execute_kw(ODOO_DB, self.uid, ODOO_API_KEY, model, method, list(args))
           ~~~~~~~~~~~~~~~~~~~~~~^^^^^^^^^^^^^^^^^^^^^^^^^^^^^^^^^^^^^^^^^^^^^^^^^^^^^^^^^^^^
  File "C:\Program Files\WindowsApps\PythonSoftwareFoundation.Python.3.13_3.13.3824.0_x64__qbz5n2kfra8p0\Lib\xmlrpc\client.py", line 1096, in __call__
    return self.__send(self.__name, args)
           ~~~~~~~~~~~^^^^^^^^^^^^^^^^^^^
  File "C:\Program Files\WindowsApps\PythonSoftwareFoundation.Python.3.13_3.13.3824.0_x64__qbz5n2kfra8p0\Lib\xmlrpc\client.py", line 1432, in __request
    request = dumps(params, methodname, encoding=self.__encoding,
              ~~~~~^^^^^^^^^^^^^^^^^^^^^^^^^^^^^^^^^^^^^^^^^^^^^^
                    allow_none=self.__allow_none).encode(self.__encoding, 'xmlcharrefreplace')
                    ^^^^^^^^^^^^^^^^^^^^^^^^^^^^^
  File "C:\Program Files\WindowsApps\PythonSoftwareFoundation.Python.3.13_3.13.3824.0_x64__qbz5n2kfra8p0\Lib\xmlrpc\client.py", line 955, in dumps
    data = m.dumps(params)
  File "C:\Program Files\WindowsApps\PythonSoftwareFoundation.Python.3.13_3.13.3824.0_x64__qbz5n2kfra8p0\Lib\xmlrpc\client.py", line 488, in dumps
    dump(v, write)
    ~~~~^^^^^^^^^^
  File "C:\Program Files\WindowsApps\PythonSoftwareFoundation.Python.3.13_3.13.3824.0_x64__qbz5n2kfra8p0\Lib\xmlrpc\client.py", line 510, in __dump
    f(self, value, write)
    ~^^^^^^^^^^^^^^^^^^^^
  File "C:\Program Files\WindowsApps\PythonSoftwareFoundation.Python.3.13_3.13.3824.0_x64__qbz5n2kfra8p0\Lib\xmlrpc\client.py", line 563, in dump_array
    dump(v, write)
    ~~~~^^^^^^^^^^
  File "C:\Program Files\WindowsApps\PythonSoftwareFoundation.Python.3.13_3.13.3824.0_x64__qbz5n2kfra8p0\Lib\xmlrpc\client.py", line 510, in __dump
    f(self, value, write)
    ~^^^^^^^^^^^^^^^^^^^^
  File "C:\Program Files\WindowsApps\PythonSoftwareFoundation.Python.3.13_3.13.3824.0_x64__qbz5n2kfra8p0\Lib\xmlrpc\client.py", line 581, in dump_struct
    dump(v, write)
    ~~~~^^^^^^^^^^
  File "C:\Program Files\WindowsApps\PythonSoftwareFoundation.Python.3.13_3.13.3824.0_x64__qbz5n2kfra8p0\Lib\xmlrpc\client.py", line 510, in __dump
    f(self, value, write)
    ~^^^^^^^^^^^^^^^^^^^^
  File "C:\Program Files\WindowsApps\PythonSoftwareFoundation.Python.3.13_3.13.3824.0_x64__qbz5n2kfra8p0\Lib\xmlrpc\client.py", line 514, in dump_nil
    raise TypeError("cannot marshal None unless allow_none is enabled")
TypeError: cannot marshal None unless allow_none is enabled
2026-09-15 10:48:47,763 INFO Updated metadata: ClusterMetadata(brokers: 1, topics: 1, coordinators: 1)
2026-09-15 10:50:23,428 INFO IO loop starting (client_id=kafka-python-3.0.11)
2026-09-15 10:50:23,429 INFO Attempting bootstrap to bootstrap-0 at localhost:9094 (rack None)
2026-09-15 10:50:23,429 INFO Initializing connection for node_id bootstrap-0 at localhost:9094 (rack=None)
2026-09-15 10:50:23,433 INFO <KafkaTCPTransport [::1:9094<-64169]>: connected to <socket.socket fd=1304, family=23, type=1, proto=0, laddr=('::1', 64169, 0, 0), raddr=('::1', 9094, 0, 0)>
2026-09-15 10:50:23,441 INFO <KafkaConnection node_id=bootstrap-0 host=[::1:9094<-64169] broker_version=unknown (initializing)>: Broker version identified as 3.9
2026-09-15 10:50:23,441 INFO <KafkaConnection node_id=bootstrap-0 host=[::1:9094<-64169] broker_version=(3, 9) (connected)>: Connected
2026-09-15 10:50:23,447 INFO Updated metadata: ClusterMetadata(brokers: 1, topics: 0, coordinators: 0)
2026-09-15 10:50:23,448 INFO Bootstrap complete: ClusterMetadata(brokers: 1, topics: 0, coordinators: 0)
2026-09-15 10:50:23,448 INFO Closing bootstrap connection bootstrap-0
2026-09-15 10:50:23,448 INFO <KafkaTCPTransport [::1:9094<-64169]>: Closing transport
2026-09-15 10:50:23,448 INFO <KafkaConnection node_id=bootstrap-0 broker_version=(3, 9) (disconnected)>: Connection closed
2026-09-15 10:50:23,449 INFO Starting metadata refresh loop
2026-09-15 10:50:23,450 INFO Updating subscribed topics to: ('tickets',)
2026-09-15 10:50:23,451 INFO Listening on topic 'tickets' as group 'odoo-ticket-sync'...
2026-09-15 10:50:23,451 INFO Initializing connection for node_id 1 at localhost:9094 (rack=None)
2026-09-15 10:50:23,452 INFO <KafkaTCPTransport [::1:9094<-64170]>: connected to <socket.socket fd=1308, family=23, type=1, proto=0, laddr=('::1', 64170, 0, 0), raddr=('::1', 9094, 0, 0)>
2026-09-15 10:50:23,459 INFO <KafkaConnection node_id=1 host=[::1:9094<-64170] broker_version=(3, 9) (connected)>: Connected
2026-09-15 10:50:23,463 INFO Coordinator for GROUP/odoo-ticket-sync is MetadataResponseBroker(node_id='coordinator-1', host='localhost', port=9094, rack=None)
2026-09-15 10:50:23,463 INFO Discovered coordinator coordinator-1 for group odoo-ticket-sync
2026-09-15 10:50:23,463 INFO Initializing connection for node_id coordinator-1 at localhost:9094 (rack=None)
2026-09-15 10:50:23,464 INFO Revoking previously assigned partitions set() for group odoo-ticket-sync
2026-09-15 10:50:23,465 INFO <KafkaTCPTransport [::1:9094<-64171]>: connected to <socket.socket fd=1312, family=23, type=1, proto=0, laddr=('::1', 64171, 0, 0), raddr=('::1', 9094, 0, 0)>
2026-09-15 10:50:23,465 INFO (Re-)joining group odoo-ticket-sync
2026-09-15 10:50:23,469 INFO <KafkaConnection node_id=coordinator-1 host=[::1:9094<-64171] broker_version=(3, 9) (connected)>: Connected
2026-09-15 10:50:23,475 INFO Received member id kafka-python-3.0.11-e0e6ba9b-401f-41ed-a626-fe981f755380 for group odoo-ticket-sync; will retry join-group
2026-09-15 10:50:23,475 INFO (Re-)joining group odoo-ticket-sync
2026-09-15 10:50:23,556 INFO Updated metadata: ClusterMetadata(brokers: 1, topics: 1, coordinators: 1)
2026-09-15 10:50:45,689 INFO Successfully joined group odoo-ticket-sync <Generation 4 (member_id: kafka-python-3.0.11-e0e6ba9b-401f-41ed-a626-fe981f755380, protocol: range)>
2026-09-15 10:50:45,690 INFO Elected group leader -- performing partition assignments using range
2026-09-15 10:50:45,695 INFO Updated metadata: ClusterMetadata(brokers: 1, topics: 1, coordinators: 1)
2026-09-15 10:50:45,697 INFO Updated partition assignment: [TopicPartition(topic='tickets', partition=0)]
2026-09-15 10:50:45,697 INFO Setting newly assigned partitions {TopicPartition(topic='tickets', partition=0)} for group odoo-ticket-sync
2026-09-15 10:50:58,840 WARNING No Odoo user mapped for assignedTo='supertech_erp'
2026-09-15 10:50:59,027 INFO Created Odoo task 493 for ticket 1
2026-09-15 10:50:59,273 WARNING No Odoo user mapped for assignedTo='Andy.Appiah'
2026-09-15 10:50:59,441 INFO Created Odoo task 494 for ticket 2
2026-09-15 10:50:59,726 WARNING No Odoo user mapped for assignedTo='supertech_erp'
2026-09-15 10:50:59,893 INFO Created Odoo task 495 for ticket 3
2026-09-15 10:51:00,277 WARNING No Odoo user mapped for assignedTo='supertech_erp'
2026-09-15 10:51:00,423 INFO Created Odoo task 496 for ticket 4
2026-09-15 10:51:00,727 WARNING No Odoo user mapped for assignedTo='Ahsesa.Frimpong'
2026-09-15 10:51:00,853 INFO Created Odoo task 497 for ticket 5
2026-09-15 10:55:45,727 INFO Updated metadata: ClusterMetadata(brokers: 1, topics: 1, coordinators: 1)
2026-09-15 11:00:45,809 INFO Updated metadata: ClusterMetadata(brokers: 1, topics: 1, coordinators: 1)
2026-09-15 11:05:46,048 INFO Updated metadata: ClusterMetadata(brokers: 1, topics: 1, coordinators: 1)
2026-09-15 11:10:46,349 INFO Updated metadata: ClusterMetadata(brokers: 1, topics: 1, coordinators: 1)
2026-09-15 11:15:46,699 INFO Updated metadata: ClusterMetadata(brokers: 1, topics: 1, coordinators: 1)
2026-09-15 11:20:46,945 INFO Updated metadata: ClusterMetadata(brokers: 1, topics: 1, coordinators: 1)
2026-09-15 11:25:47,202 INFO Updated metadata: ClusterMetadata(brokers: 1, topics: 1, coordinators: 1)
2026-09-15 11:30:47,525 INFO Updated metadata: ClusterMetadata(brokers: 1, topics: 1, coordinators: 1)
2026-09-15 11:35:47,570 INFO Updated metadata: ClusterMetadata(brokers: 1, topics: 1, coordinators: 1)
2026-09-15 11:40:47,823 INFO Updated metadata: ClusterMetadata(brokers: 1, topics: 1, coordinators: 1)
2026-09-15 11:45:48,085 INFO Updated metadata: ClusterMetadata(brokers: 1, topics: 1, coordinators: 1)
2026-09-15 11:50:48,226 INFO Updated metadata: ClusterMetadata(brokers: 1, topics: 1, coordinators: 1)
2026-09-15 11:55:48,244 INFO Updated metadata: ClusterMetadata(brokers: 1, topics: 1, coordinators: 1)
2026-09-15 12:00:48,267 INFO Updated metadata: ClusterMetadata(brokers: 1, topics: 1, coordinators: 1)
2026-09-15 12:00:57,606 WARNING No Odoo user mapped for assignedTo='Andy.Appiah'
2026-09-15 12:00:58,512 INFO Created Odoo task 498 for ticket 100
2026-09-15 12:01:02,619 WARNING No Odoo user mapped for assignedTo='Andy.Appiah'
2026-09-15 12:01:03,572 INFO Updated Odoo task 498 for ticket 100 (status=Resolved)
2026-09-15 12:04:31,277 WARNING No Odoo user mapped for assignedTo='Andy.Appiah'
2026-09-15 12:04:31,425 INFO Updated Odoo task 498 for ticket 100 (status=RESOLVED)
2026-09-15 12:04:36,288 WARNING No Odoo user mapped for assignedTo='Andy.Appiah'
2026-09-15 12:04:36,480 INFO Updated Odoo task 498 for ticket 100 (status=RESOLVED)
2026-09-15 12:05:48,514 INFO Updated metadata: ClusterMetadata(brokers: 1, topics: 1, coordinators: 1)
2026-09-15 12:10:49,011 INFO Updated metadata: ClusterMetadata(brokers: 1, topics: 1, coordinators: 1)
2026-09-15 12:15:49,125 INFO Updated metadata: ClusterMetadata(brokers: 1, topics: 1, coordinators: 1)
2026-09-15 12:20:49,461 INFO Updated metadata: ClusterMetadata(brokers: 1, topics: 1, coordinators: 1)
2026-09-15 12:25:49,527 INFO Updated metadata: ClusterMetadata(brokers: 1, topics: 1, coordinators: 1)
2026-09-15 12:30:49,758 INFO Updated metadata: ClusterMetadata(brokers: 1, topics: 1, coordinators: 1)
2026-09-15 12:35:50,111 INFO Updated metadata: ClusterMetadata(brokers: 1, topics: 1, coordinators: 1)
2026-09-15 12:40:50,208 INFO Updated metadata: ClusterMetadata(brokers: 1, topics: 1, coordinators: 1)
2026-09-15 12:45:50,393 INFO Updated metadata: ClusterMetadata(brokers: 1, topics: 1, coordinators: 1)
2026-09-15 12:50:50,842 INFO Updated metadata: ClusterMetadata(brokers: 1, topics: 1, coordinators: 1)
2026-09-15 12:55:51,240 INFO Updated metadata: ClusterMetadata(brokers: 1, topics: 1, coordinators: 1)
2026-09-15 13:00:51,286 INFO Updated metadata: ClusterMetadata(brokers: 1, topics: 1, coordinators: 1)
2026-09-15 13:05:51,721 INFO Updated metadata: ClusterMetadata(brokers: 1, topics: 1, coordinators: 1)
2026-09-15 13:10:51,815 INFO Updated metadata: ClusterMetadata(brokers: 1, topics: 1, coordinators: 1)
2026-09-15 13:15:51,859 INFO Updated metadata: ClusterMetadata(brokers: 1, topics: 1, coordinators: 1)
2026-09-15 13:19:11,577 WARNING No broker metadata found in MetadataResponse -- ignoring.
2026-09-15 13:19:11,739 WARNING No broker metadata found in MetadataResponse -- ignoring.
2026-09-15 13:19:11,848 INFO Updated metadata: ClusterMetadata(brokers: 1, topics: 1, coordinators: 1)
2026-09-15 13:19:12,182 WARNING Marking the coordinator dead (node coordinator-1) for group odoo-ticket-sync: [Error 16] NotCoordinatorError.
2026-09-15 13:19:12,530 INFO Coordinator for GROUP/odoo-ticket-sync is MetadataResponseBroker(node_id='coordinator-1', host='localhost', port=9094, rack=None)
2026-09-15 13:19:12,530 INFO Discovered coordinator coordinator-1 for group odoo-ticket-sync
2026-09-15 13:24:12,184 INFO Updated metadata: ClusterMetadata(brokers: 1, topics: 1, coordinators: 1)
2026-09-15 13:29:12,297 INFO Updated metadata: ClusterMetadata(brokers: 1, topics: 1, coordinators: 1)
2026-09-15 13:34:12,697 INFO Updated metadata: ClusterMetadata(brokers: 1, topics: 1, coordinators: 1)
2026-09-15 13:39:12,736 INFO Updated metadata: ClusterMetadata(brokers: 1, topics: 1, coordinators: 1)
2026-09-15 13:44:12,770 INFO Updated metadata: ClusterMetadata(brokers: 1, topics: 1, coordinators: 1)
2026-09-15 13:49:12,790 INFO Updated metadata: ClusterMetadata(brokers: 1, topics: 1, coordinators: 1)
2026-09-15 13:54:13,129 INFO Updated metadata: ClusterMetadata(brokers: 1, topics: 1, coordinators: 1)
2026-09-15 13:59:13,135 INFO Updated metadata: ClusterMetadata(brokers: 1, topics: 1, coordinators: 1)
2026-09-15 14:04:13,259 INFO Updated metadata: ClusterMetadata(brokers: 1, topics: 1, coordinators: 1)
2026-09-15 14:09:13,383 INFO Updated metadata: ClusterMetadata(brokers: 1, topics: 1, coordinators: 1)
2026-09-15 16:50:39,504 INFO IO loop starting (client_id=kafka-python-3.0.11)
2026-09-15 16:50:39,506 INFO Attempting bootstrap to bootstrap-0 at localhost:9094 (rack None)
2026-09-15 16:50:39,506 INFO Initializing connection for node_id bootstrap-0 at localhost:9094 (rack=None)
2026-09-15 16:50:39,513 INFO <KafkaTCPTransport [::1:9094<-50998]>: connected to <socket.socket fd=1360, family=23, type=1, proto=0, laddr=('::1', 50998, 0, 0), raddr=('::1', 9094, 0, 0)>
2026-09-15 16:50:39,521 INFO <KafkaConnection node_id=bootstrap-0 host=[::1:9094<-50998] broker_version=unknown (initializing)>: Broker version identified as 3.9
2026-09-15 16:50:39,522 INFO <KafkaConnection node_id=bootstrap-0 host=[::1:9094<-50998] broker_version=(3, 9) (connected)>: Connected
2026-09-15 16:50:39,527 INFO Updated metadata: ClusterMetadata(brokers: 1, topics: 0, coordinators: 0)
2026-09-15 16:50:39,528 INFO Bootstrap complete: ClusterMetadata(brokers: 1, topics: 0, coordinators: 0)
2026-09-15 16:50:39,528 INFO Closing bootstrap connection bootstrap-0
2026-09-15 16:50:39,528 INFO <KafkaTCPTransport [::1:9094<-50998]>: Closing transport
2026-09-15 16:50:39,529 INFO <KafkaConnection node_id=bootstrap-0 broker_version=(3, 9) (disconnected)>: Connection closed
2026-09-15 16:50:39,529 INFO Starting metadata refresh loop
2026-09-15 16:50:39,531 INFO Updating subscribed topics to: ('tickets',)
2026-09-15 16:50:39,532 INFO Listening on topic 'tickets' as group 'odoo-ticket-sync'...
2026-09-15 16:50:39,532 INFO Initializing connection for node_id 1 at localhost:9094 (rack=None)
2026-09-15 16:50:39,534 INFO <KafkaTCPTransport [::1:9094<-50999]>: connected to <socket.socket fd=1252, family=23, type=1, proto=0, laddr=('::1', 50999, 0, 0), raddr=('::1', 9094, 0, 0)>
2026-09-15 16:50:39,538 INFO <KafkaConnection node_id=1 host=[::1:9094<-50999] broker_version=(3, 9) (connected)>: Connected
2026-09-15 16:50:39,542 INFO Coordinator for GROUP/odoo-ticket-sync is MetadataResponseBroker(node_id='coordinator-1', host='localhost', port=9094, rack=None)
2026-09-15 16:50:39,542 INFO Discovered coordinator coordinator-1 for group odoo-ticket-sync
2026-09-15 16:50:39,542 INFO Initializing connection for node_id coordinator-1 at localhost:9094 (rack=None)
2026-09-15 16:50:39,543 INFO Revoking previously assigned partitions set() for group odoo-ticket-sync
2026-09-15 16:50:39,544 INFO <KafkaTCPTransport [::1:9094<-51000]>: connected to <socket.socket fd=1364, family=23, type=1, proto=0, laddr=('::1', 51000, 0, 0), raddr=('::1', 9094, 0, 0)>
2026-09-15 16:50:39,544 INFO (Re-)joining group odoo-ticket-sync
2026-09-15 16:50:39,552 INFO <KafkaConnection node_id=coordinator-1 host=[::1:9094<-51000] broker_version=(3, 9) (connected)>: Connected
2026-09-15 16:50:39,561 INFO Received member id kafka-python-3.0.11-f5f100b6-4f08-4ba7-b313-241fa3095f6b for group odoo-ticket-sync; will retry join-group
2026-09-15 16:50:39,561 INFO (Re-)joining group odoo-ticket-sync
2026-09-15 16:50:39,644 INFO Updated metadata: ClusterMetadata(brokers: 1, topics: 1, coordinators: 1)
2026-09-15 16:50:42,571 INFO Successfully joined group odoo-ticket-sync <Generation 6 (member_id: kafka-python-3.0.11-f5f100b6-4f08-4ba7-b313-241fa3095f6b, protocol: range)>
2026-09-15 16:50:42,571 INFO Elected group leader -- performing partition assignments using range
2026-09-15 16:50:42,576 INFO Updated metadata: ClusterMetadata(brokers: 1, topics: 1, coordinators: 1)
2026-09-15 16:50:42,592 INFO Updated partition assignment: [TopicPartition(topic='tickets', partition=0)]
2026-09-15 16:50:42,592 INFO Setting newly assigned partitions {TopicPartition(topic='tickets', partition=0)} for group odoo-ticket-sync
2026-09-15 16:50:43,406 WARNING No Odoo user mapped for assignedTo='Ahsesa.Frimpong'
2026-09-15 16:50:43,653 INFO Updated Odoo task 498 for ticket 100 (status=OPEN)
2026-09-15 16:50:43,653 WARNING No Odoo user mapped for assignedTo='Ahsesa.Frimpong'
2026-09-15 16:50:44,549 INFO Updated Odoo task 498 for ticket 100 (status=RESOLVED)
2026-09-15 16:55:41,545 INFO Updated metadata: ClusterMetadata(brokers: 1, topics: 1, coordinators: 1)
2026-09-15 17:00:40,024 INFO Updated metadata: ClusterMetadata(brokers: 1, topics: 1, coordinators: 1)
2026-09-15 17:02:45,583 WARNING No Odoo user mapped for assignedTo='Aisha.Frimpong'
2026-09-15 17:02:45,783 INFO Updated Odoo task 498 for ticket 100 (status=OPEN)
2026-09-15 17:02:50,589 WARNING No Odoo user mapped for assignedTo='Aisha.Frimpong'
2026-09-15 17:02:50,729 INFO Updated Odoo task 498 for ticket 100 (status=RESOLVED)
2026-09-15 17:03:52,135 WARNING No Odoo user mapped for assignedTo='supertech_erp'
2026-09-15 17:03:52,258 INFO Updated Odoo task 498 for ticket 100 (status=CLOSED)
2026-09-15 17:03:57,095 WARNING No Odoo user mapped for assignedTo='supertech_erp'
2026-09-15 17:03:57,235 INFO Updated Odoo task 498 for ticket 100 (status=RESOLVED)
2026-09-15 17:04:45,521 WARNING No Odoo user mapped for assignedTo='Aisha.Frimpong'
2026-09-15 17:04:45,670 INFO Updated Odoo task 497 for ticket 5 (status=ASSIGNED)
2026-09-15 17:04:50,526 WARNING No Odoo user mapped for assignedTo='Aisha.Frimpong'
2026-09-15 17:04:50,659 INFO Updated Odoo task 497 for ticket 5 (status=RESOLVED)
2026-09-15 17:05:40,476 INFO Updated metadata: ClusterMetadata(brokers: 1, topics: 1, coordinators: 1)
2026-09-15 17:10:40,575 INFO Updated metadata: ClusterMetadata(brokers: 1, topics: 1, coordinators: 1)
2026-09-15 17:15:40,709 INFO Updated metadata: ClusterMetadata(brokers: 1, topics: 1, coordinators: 1)
2026-09-15 17:20:41,142 INFO Updated metadata: ClusterMetadata(brokers: 1, topics: 1, coordinators: 1)
2026-09-15 17:25:41,465 INFO Updated metadata: ClusterMetadata(brokers: 1, topics: 1, coordinators: 1)
2026-09-15 17:30:41,756 INFO Updated metadata: ClusterMetadata(brokers: 1, topics: 1, coordinators: 1)
2026-09-15 17:32:46,712 WARNING No Odoo user mapped for assignedTo='Aisha.Frimpong'
2026-09-15 17:32:46,872 INFO Updated Odoo task 497 for ticket 5 (status=IN_PROGRESS)
2026-09-15 17:32:51,719 WARNING No Odoo user mapped for assignedTo='Aisha.Frimpong'
2026-09-15 17:32:51,856 INFO Updated Odoo task 497 for ticket 5 (status=RESOLVED)
2026-09-15 17:35:42,090 INFO Updated metadata: ClusterMetadata(brokers: 1, topics: 1, coordinators: 1)
2026-09-15 17:37:33,190 WARNING No Odoo user mapped for assignedTo='supertech_erp'
2026-09-15 17:37:33,346 INFO Updated Odoo task 495 for ticket 3 (status=RESOLVED)
2026-09-15 17:37:38,144 WARNING No Odoo user mapped for assignedTo='supertech_erp'
2026-09-15 17:37:38,283 INFO Updated Odoo task 495 for ticket 3 (status=RESOLVED)
2026-09-15 17:40:42,557 INFO Updated metadata: ClusterMetadata(brokers: 1, topics: 1, coordinators: 1)
2026-09-15 17:45:42,814 INFO Updated metadata: ClusterMetadata(brokers: 1, topics: 1, coordinators: 1)
2026-09-15 17:50:43,009 INFO Updated metadata: ClusterMetadata(brokers: 1, topics: 1, coordinators: 1)
2026-09-15 17:55:43,251 INFO Updated metadata: ClusterMetadata(brokers: 1, topics: 1, coordinators: 1)
2026-09-15 17:57:48,505 WARNING No Odoo user mapped for assignedTo='Aisha.Frimpong'
2026-09-15 17:57:48,674 INFO Updated Odoo task 495 for ticket 3 (status=OPEN)
2026-09-15 17:57:53,511 WARNING No Odoo user mapped for assignedTo='Aisha.Frimpong'
2026-09-15 17:57:53,657 INFO Updated Odoo task 495 for ticket 3 (status=RESOLVED)
2026-09-15 18:00:43,381 INFO Updated metadata: ClusterMetadata(brokers: 1, topics: 1, coordinators: 1)
2026-09-15 18:05:43,618 INFO Updated metadata: ClusterMetadata(brokers: 1, topics: 1, coordinators: 1)
2026-09-15 18:09:53,087 WARNING No Odoo user mapped for assignedTo='Aisha.Frimpong'
2026-09-15 18:09:53,862 INFO Updated Odoo task 495 for ticket 3 (status=IN_PROGRESS)
2026-09-15 18:09:58,118 WARNING No Odoo user mapped for assignedTo='Aisha.Frimpong'
2026-09-15 18:09:59,054 INFO Updated Odoo task 495 for ticket 3 (status=RESOLVED)
2026-09-15 18:10:43,814 INFO Updated metadata: ClusterMetadata(brokers: 1, topics: 1, coordinators: 1)
2026-09-15 18:15:44,168 INFO Updated metadata: ClusterMetadata(brokers: 1, topics: 1, coordinators: 1)
2026-09-15 18:20:44,233 INFO Updated metadata: ClusterMetadata(brokers: 1, topics: 1, coordinators: 1)
2026-09-15 18:24:14,525 INFO IO loop starting (client_id=kafka-python-3.0.11)
2026-09-15 18:24:14,526 INFO Attempting bootstrap to bootstrap-0 at localhost:9094 (rack None)
2026-09-15 18:24:14,526 INFO Initializing connection for node_id bootstrap-0 at localhost:9094 (rack=None)
2026-09-15 18:24:14,530 INFO <KafkaTCPTransport [::1:9094<-63396]>: connected to <socket.socket fd=1304, family=23, type=1, proto=0, laddr=('::1', 63396, 0, 0), raddr=('::1', 9094, 0, 0)>
2026-09-15 18:24:14,535 INFO <KafkaConnection node_id=bootstrap-0 host=[::1:9094<-63396] broker_version=unknown (initializing)>: Broker version identified as 3.9
2026-09-15 18:24:14,535 INFO <KafkaConnection node_id=bootstrap-0 host=[::1:9094<-63396] broker_version=(3, 9) (connected)>: Connected
2026-09-15 18:24:14,541 INFO Updated metadata: ClusterMetadata(brokers: 1, topics: 0, coordinators: 0)
2026-09-15 18:24:14,542 INFO Bootstrap complete: ClusterMetadata(brokers: 1, topics: 0, coordinators: 0)
2026-09-15 18:24:14,542 INFO Closing bootstrap connection bootstrap-0
2026-09-15 18:24:14,542 INFO <KafkaTCPTransport [::1:9094<-63396]>: Closing transport
2026-09-15 18:24:14,542 INFO <KafkaConnection node_id=bootstrap-0 broker_version=(3, 9) (disconnected)>: Connection closed
2026-09-15 18:24:14,543 INFO Starting metadata refresh loop
2026-09-15 18:24:14,544 INFO Updating subscribed topics to: ('tickets',)
2026-09-15 18:24:14,545 INFO Listening on topic 'tickets' as group 'odoo-ticket-sync'...
2026-09-15 18:24:14,546 INFO Initializing connection for node_id 1 at localhost:9094 (rack=None)
2026-09-15 18:24:14,547 INFO <KafkaTCPTransport [::1:9094<-63397]>: connected to <socket.socket fd=1252, family=23, type=1, proto=0, laddr=('::1', 63397, 0, 0), raddr=('::1', 9094, 0, 0)>
2026-09-15 18:24:14,552 INFO <KafkaConnection node_id=1 host=[::1:9094<-63397] broker_version=(3, 9) (connected)>: Connected
2026-09-15 18:24:14,556 INFO Coordinator for GROUP/odoo-ticket-sync is MetadataResponseBroker(node_id='coordinator-1', host='localhost', port=9094, rack=None)
2026-09-15 18:24:14,556 INFO Discovered coordinator coordinator-1 for group odoo-ticket-sync
2026-09-15 18:24:14,556 INFO Initializing connection for node_id coordinator-1 at localhost:9094 (rack=None)
2026-09-15 18:24:14,558 INFO Revoking previously assigned partitions set() for group odoo-ticket-sync
2026-09-15 18:24:14,558 INFO <KafkaTCPTransport [::1:9094<-63398]>: connected to <socket.socket fd=1316, family=23, type=1, proto=0, laddr=('::1', 63398, 0, 0), raddr=('::1', 9094, 0, 0)>
2026-09-15 18:24:14,558 INFO (Re-)joining group odoo-ticket-sync
2026-09-15 18:24:14,565 INFO <KafkaConnection node_id=coordinator-1 host=[::1:9094<-63398] broker_version=(3, 9) (connected)>: Connected
2026-09-15 18:24:14,576 INFO Received member id kafka-python-3.0.11-cb691952-3068-4b80-a306-0bcfbc9e9a29 for group odoo-ticket-sync; will retry join-group
2026-09-15 18:24:14,577 INFO (Re-)joining group odoo-ticket-sync
2026-09-15 18:24:14,654 INFO Updated metadata: ClusterMetadata(brokers: 1, topics: 1, coordinators: 1)
2026-09-15 18:24:45,563 INFO Successfully joined group odoo-ticket-sync <Generation 7 (member_id: kafka-python-3.0.11-cb691952-3068-4b80-a306-0bcfbc9e9a29, protocol: range)>
2026-09-15 18:24:45,564 INFO Elected group leader -- performing partition assignments using range
2026-09-15 18:24:45,569 INFO Updated metadata: ClusterMetadata(brokers: 1, topics: 1, coordinators: 1)
2026-09-15 18:24:45,576 INFO Updated partition assignment: [TopicPartition(topic='tickets', partition=0)]
2026-09-15 18:24:45,576 INFO Setting newly assigned partitions {TopicPartition(topic='tickets', partition=0)} for group odoo-ticket-sync
2026-09-15 18:24:45,726 WARNING No Odoo user mapped for assignedTo='supertech_erp'
2026-09-15 18:24:45,828 ERROR Failed to process message at offset 55
Traceback (most recent call last):
  File "C:\Users\JasonAs\Pictures\Odoo-Kraken\kafka-sandbox\kraken_to_odoo_consumer.py", line 309, in run
    odoo.update_task(existing_task_id, odoo_fields)
    ~~~~~~~~~~~~~~~~^^^^^^^^^^^^^^^^^^^^^^^^^^^^^^^
  File "C:\Users\JasonAs\Pictures\Odoo-Kraken\kafka-sandbox\kraken_to_odoo_consumer.py", line 184, in update_task
    self._execute("project.task", "write", [task_id], values)
    ~~~~~~~~~~~~~^^^^^^^^^^^^^^^^^^^^^^^^^^^^^^^^^^^^^^^^^^^^
  File "C:\Users\JasonAs\Pictures\Odoo-Kraken\kafka-sandbox\kraken_to_odoo_consumer.py", line 154, in _execute
    return self.models.execute_kw(ODOO_DB, self.uid, ODOO_API_KEY, model, method, list(args))
           ~~~~~~~~~~~~~~~~~~~~~~^^^^^^^^^^^^^^^^^^^^^^^^^^^^^^^^^^^^^^^^^^^^^^^^^^^^^^^^^^^^
  File "C:\Program Files\WindowsApps\PythonSoftwareFoundation.Python.3.13_3.13.3824.0_x64__qbz5n2kfra8p0\Lib\xmlrpc\client.py", line 1096, in __call__
    return self.__send(self.__name, args)
           ~~~~~~~~~~~^^^^^^^^^^^^^^^^^^^
  File "C:\Program Files\WindowsApps\PythonSoftwareFoundation.Python.3.13_3.13.3824.0_x64__qbz5n2kfra8p0\Lib\xmlrpc\client.py", line 1435, in __request
    response = self.__transport.request(
        self.__host,
    ...<2 lines>...
        verbose=self.__verbose
        )
  File "C:\Program Files\WindowsApps\PythonSoftwareFoundation.Python.3.13_3.13.3824.0_x64__qbz5n2kfra8p0\Lib\xmlrpc\client.py", line 1140, in request
    return self.single_request(host, handler, request_body, verbose)
           ~~~~~~~~~~~~~~~~~~~^^^^^^^^^^^^^^^^^^^^^^^^^^^^^^^^^^^^^^
  File "C:\Program Files\WindowsApps\PythonSoftwareFoundation.Python.3.13_3.13.3824.0_x64__qbz5n2kfra8p0\Lib\xmlrpc\client.py", line 1156, in single_request
    return self.parse_response(resp)
           ~~~~~~~~~~~~~~~~~~~^^^^^^
  File "C:\Program Files\WindowsApps\PythonSoftwareFoundation.Python.3.13_3.13.3824.0_x64__qbz5n2kfra8p0\Lib\xmlrpc\client.py", line 1325, in parse_response
    return u.close()
           ~~~~~~~^^
  File "C:\Program Files\WindowsApps\PythonSoftwareFoundation.Python.3.13_3.13.3824.0_x64__qbz5n2kfra8p0\Lib\xmlrpc\client.py", line 642, in close
    raise Fault(**self._stack[0])
xmlrpc.client.Fault: <Fault 2: "You cannot move task '[80003] Sample incident #3 description [UPDATED]' to stage 'Done' without logging timesheet hours on this task.\n\nPlease add timesheet entries (hours > 0) while working on the task, then move it to Done.">
2026-09-15 18:24:45,834 WARNING No Odoo user mapped for assignedTo='supertech_erp'
2026-09-15 18:24:45,896 ERROR Failed to process message at offset 56
Traceback (most recent call last):
  File "C:\Users\JasonAs\Pictures\Odoo-Kraken\kafka-sandbox\kraken_to_odoo_consumer.py", line 309, in run
    odoo.update_task(existing_task_id, odoo_fields)
    ~~~~~~~~~~~~~~~~^^^^^^^^^^^^^^^^^^^^^^^^^^^^^^^
  File "C:\Users\JasonAs\Pictures\Odoo-Kraken\kafka-sandbox\kraken_to_odoo_consumer.py", line 184, in update_task
    self._execute("project.task", "write", [task_id], values)
    ~~~~~~~~~~~~~^^^^^^^^^^^^^^^^^^^^^^^^^^^^^^^^^^^^^^^^^^^^
  File "C:\Users\JasonAs\Pictures\Odoo-Kraken\kafka-sandbox\kraken_to_odoo_consumer.py", line 154, in _execute
    return self.models.execute_kw(ODOO_DB, self.uid, ODOO_API_KEY, model, method, list(args))
           ~~~~~~~~~~~~~~~~~~~~~~^^^^^^^^^^^^^^^^^^^^^^^^^^^^^^^^^^^^^^^^^^^^^^^^^^^^^^^^^^^^
  File "C:\Program Files\WindowsApps\PythonSoftwareFoundation.Python.3.13_3.13.3824.0_x64__qbz5n2kfra8p0\Lib\xmlrpc\client.py", line 1096, in __call__
    return self.__send(self.__name, args)
           ~~~~~~~~~~~^^^^^^^^^^^^^^^^^^^
  File "C:\Program Files\WindowsApps\PythonSoftwareFoundation.Python.3.13_3.13.3824.0_x64__qbz5n2kfra8p0\Lib\xmlrpc\client.py", line 1435, in __request
    response = self.__transport.request(
        self.__host,
    ...<2 lines>...
        verbose=self.__verbose
        )
  File "C:\Program Files\WindowsApps\PythonSoftwareFoundation.Python.3.13_3.13.3824.0_x64__qbz5n2kfra8p0\Lib\xmlrpc\client.py", line 1140, in request
    return self.single_request(host, handler, request_body, verbose)
           ~~~~~~~~~~~~~~~~~~~^^^^^^^^^^^^^^^^^^^^^^^^^^^^^^^^^^^^^^
  File "C:\Program Files\WindowsApps\PythonSoftwareFoundation.Python.3.13_3.13.3824.0_x64__qbz5n2kfra8p0\Lib\xmlrpc\client.py", line 1156, in single_request
    return self.parse_response(resp)
           ~~~~~~~~~~~~~~~~~~~^^^^^^
  File "C:\Program Files\WindowsApps\PythonSoftwareFoundation.Python.3.13_3.13.3824.0_x64__qbz5n2kfra8p0\Lib\xmlrpc\client.py", line 1325, in parse_response
    return u.close()
           ~~~~~~~^^
  File "C:\Program Files\WindowsApps\PythonSoftwareFoundation.Python.3.13_3.13.3824.0_x64__qbz5n2kfra8p0\Lib\xmlrpc\client.py", line 642, in close
    raise Fault(**self._stack[0])
xmlrpc.client.Fault: <Fault 2: "You cannot move task '[80003] Sample incident #3 description [UPDATED]' to stage 'Done' without logging timesheet hours on this task.\n\nPlease add timesheet entries (hours > 0) while working on the task, then move it to Done.">
2026-09-15 18:29:45,831 INFO Updated metadata: ClusterMetadata(brokers: 1, topics: 1, coordinators: 1)
2026-09-15 20:32:22,131 INFO Closing idle connection to node coordinator-1
2026-09-15 20:32:22,131 INFO <KafkaTCPTransport [::1:9094<-63398]>: Closing transport
2026-09-15 20:32:22,132 INFO <KafkaConnection node_id=coordinator-1 broker_version=(3, 9) (disconnected)>: Connection closed
2026-09-15 20:32:22,133 WARNING Heartbeat session expired, marking coordinator dead
2026-09-15 20:32:22,133 WARNING Marking the coordinator dead (node coordinator-1) for group odoo-ticket-sync: Heartbeat session expired.
2026-09-15 20:32:22,142 INFO Updated metadata: ClusterMetadata(brokers: 1, topics: 1, coordinators: 1)
2026-09-15 20:32:22,145 INFO Coordinator for GROUP/odoo-ticket-sync is MetadataResponseBroker(node_id='coordinator-1', host='localhost', port=9094, rack=None)
2026-09-15 20:32:22,146 INFO Discovered coordinator coordinator-1 for group odoo-ticket-sync
2026-09-15 20:32:22,146 INFO Initializing connection for node_id coordinator-1 at localhost:9094 (rack=None)
2026-09-15 20:32:22,148 INFO <KafkaTCPTransport [::1:9094<-51142]>: connected to <socket.socket fd=1316, family=23, type=1, proto=0, laddr=('::1', 51142, 0, 0), raddr=('::1', 9094, 0, 0)>
2026-09-15 20:32:22,182 INFO <KafkaConnection node_id=coordinator-1 host=[::1:9094<-51142] broker_version=(3, 9) (connected)>: Connected
2026-09-15 20:37:22,209 INFO Updated metadata: ClusterMetadata(brokers: 1, topics: 1, coordinators: 1)
2026-09-15 20:42:24,237 INFO Updated metadata: ClusterMetadata(brokers: 1, topics: 1, coordinators: 1)
2026-09-15 20:47:24,697 INFO Updated metadata: ClusterMetadata(brokers: 1, topics: 1, coordinators: 1)
2026-09-15 20:52:24,958 INFO Updated metadata: ClusterMetadata(brokers: 1, topics: 1, coordinators: 1)
2026-09-15 20:57:25,259 INFO Updated metadata: ClusterMetadata(brokers: 1, topics: 1, coordinators: 1)
2026-09-15 21:02:25,576 INFO Updated metadata: ClusterMetadata(brokers: 1, topics: 1, coordinators: 1)
2026-09-15 21:07:25,999 INFO Updated metadata: ClusterMetadata(brokers: 1, topics: 1, coordinators: 1)
2026-09-15 21:12:26,427 INFO Updated metadata: ClusterMetadata(brokers: 1, topics: 1, coordinators: 1)
2026-09-15 21:17:26,897 INFO Updated metadata: ClusterMetadata(brokers: 1, topics: 1, coordinators: 1)
2026-09-15 21:22:27,332 INFO Updated metadata: ClusterMetadata(brokers: 1, topics: 1, coordinators: 1)
2026-09-15 21:27:27,719 INFO Updated metadata: ClusterMetadata(brokers: 1, topics: 1, coordinators: 1)
2026-09-15 21:32:27,818 INFO Updated metadata: ClusterMetadata(brokers: 1, topics: 1, coordinators: 1)
2026-09-15 21:37:28,251 INFO Updated metadata: ClusterMetadata(brokers: 1, topics: 1, coordinators: 1)
2026-09-15 21:42:28,621 INFO Updated metadata: ClusterMetadata(brokers: 1, topics: 1, coordinators: 1)
2026-09-15 21:47:28,629 INFO Updated metadata: ClusterMetadata(brokers: 1, topics: 1, coordinators: 1)
2026-09-15 21:52:29,071 INFO Updated metadata: ClusterMetadata(brokers: 1, topics: 1, coordinators: 1)
2026-09-15 21:57:29,546 INFO Updated metadata: ClusterMetadata(brokers: 1, topics: 1, coordinators: 1)
2026-09-15 22:02:30,013 INFO Updated metadata: ClusterMetadata(brokers: 1, topics: 1, coordinators: 1)
2026-09-15 22:07:30,498 INFO Updated metadata: ClusterMetadata(brokers: 1, topics: 1, coordinators: 1)
2026-09-15 22:12:30,873 INFO Updated metadata: ClusterMetadata(brokers: 1, topics: 1, coordinators: 1)
2026-09-15 22:17:31,313 INFO Updated metadata: ClusterMetadata(brokers: 1, topics: 1, coordinators: 1)
2026-09-15 22:22:31,755 INFO Updated metadata: ClusterMetadata(brokers: 1, topics: 1, coordinators: 1)
2026-09-15 22:27:32,160 INFO Updated metadata: ClusterMetadata(brokers: 1, topics: 1, coordinators: 1)
2026-09-15 22:32:32,500 INFO Updated metadata: ClusterMetadata(brokers: 1, topics: 1, coordinators: 1)
2026-09-16 00:33:40,629 WARNING <KafkaConnection node_id=1 host=[::1:9094<-63397] broker_version=(3, 9) (connected)>: Request timed out after 29999 ms. Closing connection.
2026-09-16 00:33:40,665 ERROR <KafkaTCPTransport [::1:9094<-63397]>: Abort ([Error 7] RequestTimedOutError: Request timed out after 29999 ms)
2026-09-16 00:33:40,666 ERROR <KafkaConnection node_id=1 broker_version=(3, 9) (disconnected)>: Connection lost: [Error 7] RequestTimedOutError: Request timed out after 29999 ms
2026-09-16 00:33:40,693 ERROR Fetch to node 1 failed: [Error 7] RequestTimedOutError: Request timed out after 29999 ms
2026-09-16 00:33:40,694 INFO Closing idle connection to node coordinator-1
2026-09-16 00:33:40,694 INFO <KafkaTCPTransport [::1:9094<-51142]>: Closing transport
2026-09-16 00:33:40,695 INFO <KafkaConnection node_id=coordinator-1 broker_version=(3, 9) (disconnected)>: Connection closed
2026-09-16 00:33:40,697 WARNING Heartbeat session expired, marking coordinator dead
2026-09-16 00:33:40,698 WARNING Marking the coordinator dead (node coordinator-1) for group odoo-ticket-sync: Heartbeat session expired.
2026-09-16 00:33:40,699 INFO Initializing connection for node_id 1 at localhost:9094 (rack=None)
2026-09-16 00:33:40,778 INFO <KafkaTCPTransport [::1:9094<-63693]>: connected to <socket.socket fd=1528, family=23, type=1, proto=0, laddr=('::1', 63693, 0, 0), raddr=('::1', 9094, 0, 0)>
2026-09-16 00:33:41,615 INFO <KafkaConnection node_id=1 host=[::1:9094<-63693] broker_version=(3, 9) (connected)>: Connected
2026-09-16 00:33:41,617 INFO Updated metadata: ClusterMetadata(brokers: 1, topics: 1, coordinators: 1)
2026-09-16 00:33:41,668 INFO Coordinator for GROUP/odoo-ticket-sync is MetadataResponseBroker(node_id='coordinator-1', host='localhost', port=9094, rack=None)
2026-09-16 00:33:41,670 INFO Discovered coordinator coordinator-1 for group odoo-ticket-sync
2026-09-16 00:33:41,672 INFO Initializing connection for node_id coordinator-1 at localhost:9094 (rack=None)
2026-09-16 00:33:41,674 INFO <KafkaTCPTransport [::1:9094<-64354]>: connected to <socket.socket fd=1720, family=23, type=1, proto=0, laddr=('::1', 64354, 0, 0), raddr=('::1', 9094, 0, 0)>
2026-09-16 00:33:42,161 INFO <KafkaConnection node_id=coordinator-1 host=[::1:9094<-64354] broker_version=(3, 9) (connected)>: Connected
2026-09-16 00:38:41,686 INFO Updated metadata: ClusterMetadata(brokers: 1, topics: 1, coordinators: 1)
2026-09-16 00:38:42,955 WARNING Task <kafka.net.selector.Task object at 0x0000021ABA678F50> ran for 1.268s (>0.100s threshold). It is blocking the event loop -- likely a tight sync loop inside a coroutine. Other pollers will time out.
2026-09-16 00:43:41,144 INFO Updated metadata: ClusterMetadata(brokers: 1, topics: 1, coordinators: 1)
2026-09-16 00:43:41,324 WARNING Task <kafka.net.selector.Task object at 0x0000021ABA678F50> ran for 0.180s (>0.100s threshold). It is blocking the event loop -- likely a tight sync loop inside a coroutine. Other pollers will time out.
2026-09-16 00:48:41,493 INFO Updated metadata: ClusterMetadata(brokers: 1, topics: 1, coordinators: 1)
2026-09-16 00:53:41,877 INFO Updated metadata: ClusterMetadata(brokers: 1, topics: 1, coordinators: 1)
2026-09-16 00:58:42,273 INFO Updated metadata: ClusterMetadata(brokers: 1, topics: 1, coordinators: 1)
2026-09-16 01:03:42,713 INFO Updated metadata: ClusterMetadata(brokers: 1, topics: 1, coordinators: 1)
2026-09-16 01:08:43,166 INFO Updated metadata: ClusterMetadata(brokers: 1, topics: 1, coordinators: 1)
2026-09-16 01:13:43,475 INFO Updated metadata: ClusterMetadata(brokers: 1, topics: 1, coordinators: 1)
2026-09-16 01:18:43,839 INFO Updated metadata: ClusterMetadata(brokers: 1, topics: 1, coordinators: 1)
2026-09-16 01:23:44,190 INFO Updated metadata: ClusterMetadata(brokers: 1, topics: 1, coordinators: 1)
2026-09-16 01:28:44,486 INFO Updated metadata: ClusterMetadata(brokers: 1, topics: 1, coordinators: 1)
2026-09-16 01:33:44,839 INFO Updated metadata: ClusterMetadata(brokers: 1, topics: 1, coordinators: 1)
2026-09-16 01:38:45,210 INFO Updated metadata: ClusterMetadata(brokers: 1, topics: 1, coordinators: 1)
2026-09-16 01:43:45,558 INFO Updated metadata: ClusterMetadata(brokers: 1, topics: 1, coordinators: 1)
2026-09-16 01:48:45,915 INFO Updated metadata: ClusterMetadata(brokers: 1, topics: 1, coordinators: 1)
2026-09-16 01:53:46,277 INFO Updated metadata: ClusterMetadata(brokers: 1, topics: 1, coordinators: 1)
2026-09-16 01:58:46,651 INFO Updated metadata: ClusterMetadata(brokers: 1, topics: 1, coordinators: 1)
2026-09-16 02:03:46,951 INFO Updated metadata: ClusterMetadata(brokers: 1, topics: 1, coordinators: 1)
2026-09-16 02:08:47,331 INFO Updated metadata: ClusterMetadata(brokers: 1, topics: 1, coordinators: 1)
2026-09-16 02:13:47,529 INFO Updated metadata: ClusterMetadata(brokers: 1, topics: 1, coordinators: 1)
2026-09-16 02:18:47,873 INFO Updated metadata: ClusterMetadata(brokers: 1, topics: 1, coordinators: 1)
2026-09-16 02:23:48,212 INFO Updated metadata: ClusterMetadata(brokers: 1, topics: 1, coordinators: 1)
2026-09-16 02:28:48,515 INFO Updated metadata: ClusterMetadata(brokers: 1, topics: 1, coordinators: 1)
2026-09-16 04:34:47,757 WARNING <KafkaConnection node_id=1 host=[::1:9094<-63693] broker_version=(3, 9) (connected)>: Request timed out after 29999 ms. Closing connection.
2026-09-16 04:34:47,784 ERROR <KafkaTCPTransport [::1:9094<-63693]>: Abort ([Error 7] RequestTimedOutError: Request timed out after 29999 ms)
2026-09-16 04:34:47,824 ERROR <KafkaConnection node_id=1 broker_version=(3, 9) (disconnected)>: Connection lost: [Error 7] RequestTimedOutError: Request timed out after 29999 ms
2026-09-16 04:34:47,842 ERROR Fetch to node 1 failed: [Error 7] RequestTimedOutError: Request timed out after 29999 ms
2026-09-16 04:34:47,851 INFO Closing idle connection to node coordinator-1
2026-09-16 04:34:47,859 INFO <KafkaTCPTransport [::1:9094<-64354]>: Closing transport
2026-09-16 04:34:47,877 INFO <KafkaConnection node_id=coordinator-1 broker_version=(3, 9) (disconnected)>: Connection closed
2026-09-16 04:34:47,883 INFO Initializing connection for node_id 1 at localhost:9094 (rack=None)
2026-09-16 04:34:47,889 WARNING Heartbeat session expired, marking coordinator dead
2026-09-16 04:34:47,889 WARNING Marking the coordinator dead (node coordinator-1) for group odoo-ticket-sync: Heartbeat session expired.
2026-09-16 04:34:47,908 INFO <KafkaTCPTransport [::1:9094<-55789]>: connected to <socket.socket fd=1720, family=23, type=1, proto=0, laddr=('::1', 55789, 0, 0), raddr=('::1', 9094, 0, 0)>
2026-09-16 04:34:48,095 INFO <KafkaConnection node_id=1 host=[::1:9094<-55789] broker_version=(3, 9) (connected)>: Connected
2026-09-16 04:34:48,100 INFO Updated metadata: ClusterMetadata(brokers: 1, topics: 1, coordinators: 1)
2026-09-16 04:34:48,120 INFO Coordinator for GROUP/odoo-ticket-sync is MetadataResponseBroker(node_id='coordinator-1', host='localhost', port=9094, rack=None)
2026-09-16 04:34:48,121 INFO Discovered coordinator coordinator-1 for group odoo-ticket-sync
2026-09-16 04:34:48,121 INFO Initializing connection for node_id coordinator-1 at localhost:9094 (rack=None)
2026-09-16 04:34:48,258 WARNING Task <kafka.net.selector.Task object at 0x0000021ABA71D400> ran for 0.137s (>0.100s threshold). It is blocking the event loop -- likely a tight sync loop inside a coroutine. Other pollers will time out.
2026-09-16 04:34:48,260 INFO <KafkaTCPTransport [::1:9094<-55797]>: connected to <socket.socket fd=1756, family=23, type=1, proto=0, laddr=('::1', 55797, 0, 0), raddr=('::1', 9094, 0, 0)>
2026-09-16 04:34:48,856 INFO <KafkaConnection node_id=coordinator-1 host=[::1:9094<-55797] broker_version=(3, 9) (connected)>: Connected
2026-09-16 04:39:48,593 INFO Updated metadata: ClusterMetadata(brokers: 1, topics: 1, coordinators: 1)
2026-09-16 04:44:48,570 INFO Updated metadata: ClusterMetadata(brokers: 1, topics: 1, coordinators: 1)
2026-09-16 04:49:48,710 INFO Updated metadata: ClusterMetadata(brokers: 1, topics: 1, coordinators: 1)
2026-09-16 04:54:49,142 INFO Updated metadata: ClusterMetadata(brokers: 1, topics: 1, coordinators: 1)
2026-09-16 04:59:49,541 INFO Updated metadata: ClusterMetadata(brokers: 1, topics: 1, coordinators: 1)
2026-09-16 05:04:49,950 INFO Updated metadata: ClusterMetadata(brokers: 1, topics: 1, coordinators: 1)
2026-09-16 05:09:50,313 INFO Updated metadata: ClusterMetadata(brokers: 1, topics: 1, coordinators: 1)
2026-09-16 05:14:50,722 INFO Updated metadata: ClusterMetadata(brokers: 1, topics: 1, coordinators: 1)
2026-09-16 05:19:51,157 INFO Updated metadata: ClusterMetadata(brokers: 1, topics: 1, coordinators: 1)
2026-09-16 05:24:51,547 INFO Updated metadata: ClusterMetadata(brokers: 1, topics: 1, coordinators: 1)
2026-09-16 05:29:51,942 INFO Updated metadata: ClusterMetadata(brokers: 1, topics: 1, coordinators: 1)
2026-09-16 05:34:52,369 INFO Updated metadata: ClusterMetadata(brokers: 1, topics: 1, coordinators: 1)
2026-09-16 05:39:52,770 INFO Updated metadata: ClusterMetadata(brokers: 1, topics: 1, coordinators: 1)
2026-09-16 05:44:53,238 INFO Updated metadata: ClusterMetadata(brokers: 1, topics: 1, coordinators: 1)
2026-09-16 05:49:53,722 INFO Updated metadata: ClusterMetadata(brokers: 1, topics: 1, coordinators: 1)
2026-09-16 05:54:54,209 INFO Updated metadata: ClusterMetadata(brokers: 1, topics: 1, coordinators: 1)
2026-09-16 05:59:54,537 INFO Updated metadata: ClusterMetadata(brokers: 1, topics: 1, coordinators: 1)
2026-09-16 06:04:54,881 INFO Updated metadata: ClusterMetadata(brokers: 1, topics: 1, coordinators: 1)
2026-09-16 06:09:55,249 INFO Updated metadata: ClusterMetadata(brokers: 1, topics: 1, coordinators: 1)
2026-09-16 06:14:55,555 INFO Updated metadata: ClusterMetadata(brokers: 1, topics: 1, coordinators: 1)
2026-09-16 06:19:55,930 INFO Updated metadata: ClusterMetadata(brokers: 1, topics: 1, coordinators: 1)
2026-09-16 06:24:56,298 INFO Updated metadata: ClusterMetadata(brokers: 1, topics: 1, coordinators: 1)
2026-09-16 06:29:56,620 INFO Updated metadata: ClusterMetadata(brokers: 1, topics: 1, coordinators: 1)
2026-09-16 06:56:44,794 WARNING <KafkaConnection node_id=1 host=[::1:9094<-55789] broker_version=(3, 9) (connected)>: Request timed out after 29999 ms. Closing connection.
2026-09-16 06:56:44,794 ERROR <KafkaTCPTransport [::1:9094<-55789]>: Abort ([Error 7] RequestTimedOutError: Request timed out after 29999 ms)
2026-09-16 06:56:44,795 ERROR <KafkaConnection node_id=1 broker_version=(3, 9) (disconnected)>: Connection lost: [Error 7] RequestTimedOutError: Request timed out after 29999 ms
2026-09-16 06:56:44,795 INFO Closing idle connection to node coordinator-1
2026-09-16 06:56:44,795 INFO <KafkaTCPTransport [::1:9094<-55797]>: Closing transport
2026-09-16 06:56:44,796 INFO <KafkaConnection node_id=coordinator-1 broker_version=(3, 9) (disconnected)>: Connection closed
2026-09-16 06:56:44,796 WARNING Heartbeat session expired, marking coordinator dead
2026-09-16 06:56:44,796 WARNING Marking the coordinator dead (node coordinator-1) for group odoo-ticket-sync: Heartbeat session expired.
2026-09-16 06:56:44,797 ERROR Metadata refresh: failed [Error 7] RequestTimedOutError: Request timed out after 29999 ms
2026-09-16 06:56:44,797 INFO Initializing connection for node_id 1 at localhost:9094 (rack=None)
2026-09-16 06:56:44,799 INFO <KafkaTCPTransport [::1:9094<-58457]>: connected to <socket.socket fd=1720, family=23, type=1, proto=0, laddr=('::1', 58457, 0, 0), raddr=('::1', 9094, 0, 0)>
2026-09-16 06:56:44,879 INFO <KafkaConnection node_id=1 host=[::1:9094<-58457] broker_version=(3, 9) (connected)>: Connected
2026-09-16 06:56:45,353 INFO Coordinator for GROUP/odoo-ticket-sync is MetadataResponseBroker(node_id='coordinator-1', host='localhost', port=9094, rack=None)
2026-09-16 06:56:45,353 INFO Discovered coordinator coordinator-1 for group odoo-ticket-sync
2026-09-16 06:56:45,354 INFO Initializing connection for node_id coordinator-1 at localhost:9094 (rack=None)
2026-09-16 06:56:45,355 INFO <KafkaTCPTransport [::1:9094<-58463]>: connected to <socket.socket fd=1932, family=23, type=1, proto=0, laddr=('::1', 58463, 0, 0), raddr=('::1', 9094, 0, 0)>
2026-09-16 06:56:45,361 INFO Updated metadata: ClusterMetadata(brokers: 1, topics: 1, coordinators: 1)
2026-09-16 06:56:45,395 INFO <KafkaConnection node_id=coordinator-1 host=[::1:9094<-58463] broker_version=(3, 9) (connected)>: Connected
2026-09-16 07:01:45,692 INFO Updated metadata: ClusterMetadata(brokers: 1, topics: 1, coordinators: 1)
2026-09-16 07:06:45,605 INFO Updated metadata: ClusterMetadata(brokers: 1, topics: 1, coordinators: 1)
2026-09-16 07:11:45,814 INFO Updated metadata: ClusterMetadata(brokers: 1, topics: 1, coordinators: 1)
2026-09-16 07:16:46,011 INFO Updated metadata: ClusterMetadata(brokers: 1, topics: 1, coordinators: 1)
2026-09-16 07:21:46,195 INFO Updated metadata: ClusterMetadata(brokers: 1, topics: 1, coordinators: 1)
2026-09-16 07:26:46,395 INFO Updated metadata: ClusterMetadata(brokers: 1, topics: 1, coordinators: 1)
2026-09-16 07:31:46,586 INFO Updated metadata: ClusterMetadata(brokers: 1, topics: 1, coordinators: 1)
2026-09-16 07:36:46,784 INFO Updated metadata: ClusterMetadata(brokers: 1, topics: 1, coordinators: 1)
2026-09-16 07:41:46,966 INFO Updated metadata: ClusterMetadata(brokers: 1, topics: 1, coordinators: 1)
2026-09-16 07:46:47,185 INFO Updated metadata: ClusterMetadata(brokers: 1, topics: 1, coordinators: 1)
2026-09-16 07:51:47,333 INFO Updated metadata: ClusterMetadata(brokers: 1, topics: 1, coordinators: 1)
2026-09-16 07:56:47,550 INFO Updated metadata: ClusterMetadata(brokers: 1, topics: 1, coordinators: 1)
2026-09-16 08:01:47,865 INFO Updated metadata: ClusterMetadata(brokers: 1, topics: 1, coordinators: 1)
2026-09-16 08:06:48,142 INFO Updated metadata: ClusterMetadata(brokers: 1, topics: 1, coordinators: 1)
2026-09-16 08:11:48,340 INFO Updated metadata: ClusterMetadata(brokers: 1, topics: 1, coordinators: 1)
2026-09-16 08:16:48,563 INFO Updated metadata: ClusterMetadata(brokers: 1, topics: 1, coordinators: 1)
2026-09-16 08:21:48,753 INFO Updated metadata: ClusterMetadata(brokers: 1, topics: 1, coordinators: 1)
2026-09-16 08:26:48,947 INFO Updated metadata: ClusterMetadata(brokers: 1, topics: 1, coordinators: 1)
2026-09-16 08:31:49,112 INFO Updated metadata: ClusterMetadata(brokers: 1, topics: 1, coordinators: 1)
2026-09-16 08:36:49,286 INFO Updated metadata: ClusterMetadata(brokers: 1, topics: 1, coordinators: 1)
2026-09-16 08:41:49,485 INFO Updated metadata: ClusterMetadata(brokers: 1, topics: 1, coordinators: 1)
2026-09-16 08:46:49,643 INFO Updated metadata: ClusterMetadata(brokers: 1, topics: 1, coordinators: 1)
2026-09-16 08:51:49,865 INFO Updated metadata: ClusterMetadata(brokers: 1, topics: 1, coordinators: 1)
2026-09-16 08:56:50,084 INFO Updated metadata: ClusterMetadata(brokers: 1, topics: 1, coordinators: 1)
2026-09-16 09:49:07,834 INFO Closing idle connection to node coordinator-1
2026-09-16 09:49:07,850 INFO <KafkaTCPTransport [::1:9094<-58463]>: Closing transport
2026-09-16 09:49:07,851 INFO <KafkaConnection node_id=coordinator-1 broker_version=(3, 9) (disconnected)>: Connection closed
2026-09-16 09:49:07,858 WARNING Heartbeat session expired, marking coordinator dead
2026-09-16 09:49:07,862 WARNING Marking the coordinator dead (node coordinator-1) for group odoo-ticket-sync: Heartbeat session expired.
2026-09-16 09:49:07,947 INFO Updated metadata: ClusterMetadata(brokers: 1, topics: 1, coordinators: 1)
2026-09-16 09:49:07,958 INFO Coordinator for GROUP/odoo-ticket-sync is MetadataResponseBroker(node_id='coordinator-1', host='localhost', port=9094, rack=None)
2026-09-16 09:49:07,963 INFO Discovered coordinator coordinator-1 for group odoo-ticket-sync
2026-09-16 09:49:07,967 INFO Initializing connection for node_id coordinator-1 at localhost:9094 (rack=None)
2026-09-16 09:49:07,977 INFO <KafkaTCPTransport [::1:9094<-61688]>: connected to <socket.socket fd=1592, family=23, type=1, proto=0, laddr=('::1', 61688, 0, 0), raddr=('::1', 9094, 0, 0)>
2026-09-16 09:49:08,227 INFO <KafkaConnection node_id=coordinator-1 host=[::1:9094<-61688] broker_version=(3, 9) (connected)>: Connected
2026-09-16 09:54:08,074 INFO Updated metadata: ClusterMetadata(brokers: 1, topics: 1, coordinators: 1)
2026-09-16 09:59:07,846 INFO Updated metadata: ClusterMetadata(brokers: 1, topics: 1, coordinators: 1)
2026-09-16 10:04:08,169 INFO Updated metadata: ClusterMetadata(brokers: 1, topics: 1, coordinators: 1)
2026-09-16 10:09:08,403 INFO Updated metadata: ClusterMetadata(brokers: 1, topics: 1, coordinators: 1)
2026-09-16 10:09:19,669 WARNING No Odoo user mapped for assignedTo='Aisha.Frimpong'
2026-09-16 10:09:19,782 INFO Updated Odoo task 495 for ticket 3 (status=OPEN)
2026-09-16 10:09:24,572 WARNING No Odoo user mapped for assignedTo='Aisha.Frimpong'
2026-09-16 10:09:24,638 ERROR Failed to process message at offset 58
Traceback (most recent call last):
  File "C:\Users\JasonAs\Pictures\Odoo-Kraken\kafka-sandbox\kraken_to_odoo_consumer.py", line 309, in run
    odoo.update_task(existing_task_id, odoo_fields)
    ~~~~~~~~~~~~~~~~^^^^^^^^^^^^^^^^^^^^^^^^^^^^^^^
  File "C:\Users\JasonAs\Pictures\Odoo-Kraken\kafka-sandbox\kraken_to_odoo_consumer.py", line 184, in update_task
    self._execute("project.task", "write", [task_id], values)
    ~~~~~~~~~~~~~^^^^^^^^^^^^^^^^^^^^^^^^^^^^^^^^^^^^^^^^^^^^
  File "C:\Users\JasonAs\Pictures\Odoo-Kraken\kafka-sandbox\kraken_to_odoo_consumer.py", line 154, in _execute
    return self.models.execute_kw(ODOO_DB, self.uid, ODOO_API_KEY, model, method, list(args))
           ~~~~~~~~~~~~~~~~~~~~~~^^^^^^^^^^^^^^^^^^^^^^^^^^^^^^^^^^^^^^^^^^^^^^^^^^^^^^^^^^^^
  File "C:\Program Files\WindowsApps\PythonSoftwareFoundation.Python.3.13_3.13.3824.0_x64__qbz5n2kfra8p0\Lib\xmlrpc\client.py", line 1096, in __call__
    return self.__send(self.__name, args)
           ~~~~~~~~~~~^^^^^^^^^^^^^^^^^^^
  File "C:\Program Files\WindowsApps\PythonSoftwareFoundation.Python.3.13_3.13.3824.0_x64__qbz5n2kfra8p0\Lib\xmlrpc\client.py", line 1435, in __request
    response = self.__transport.request(
        self.__host,
    ...<2 lines>...
        verbose=self.__verbose
        )
  File "C:\Program Files\WindowsApps\PythonSoftwareFoundation.Python.3.13_3.13.3824.0_x64__qbz5n2kfra8p0\Lib\xmlrpc\client.py", line 1140, in request
    return self.single_request(host, handler, request_body, verbose)
           ~~~~~~~~~~~~~~~~~~~^^^^^^^^^^^^^^^^^^^^^^^^^^^^^^^^^^^^^^
  File "C:\Program Files\WindowsApps\PythonSoftwareFoundation.Python.3.13_3.13.3824.0_x64__qbz5n2kfra8p0\Lib\xmlrpc\client.py", line 1156, in single_request
    return self.parse_response(resp)
           ~~~~~~~~~~~~~~~~~~~^^^^^^
  File "C:\Program Files\WindowsApps\PythonSoftwareFoundation.Python.3.13_3.13.3824.0_x64__qbz5n2kfra8p0\Lib\xmlrpc\client.py", line 1325, in parse_response
    return u.close()
           ~~~~~~~^^
  File "C:\Program Files\WindowsApps\PythonSoftwareFoundation.Python.3.13_3.13.3824.0_x64__qbz5n2kfra8p0\Lib\xmlrpc\client.py", line 642, in close
    raise Fault(**self._stack[0])
xmlrpc.client.Fault: <Fault 2: "You cannot move task '[80003] Sample incident #3 description' to stage 'Done' without logging timesheet hours on this task.\n\nPlease add timesheet entries (hours > 0) while working on the task, then move it to Done.">
2026-09-16 10:14:08,704 INFO Updated metadata: ClusterMetadata(brokers: 1, topics: 1, coordinators: 1)
2026-09-16 10:17:44,451 WARNING No Odoo user mapped for assignedTo='supertech_erp'
2026-09-16 10:17:44,507 ERROR Failed to process message at offset 59
Traceback (most recent call last):
  File "C:\Users\JasonAs\Pictures\Odoo-Kraken\kafka-sandbox\kraken_to_odoo_consumer.py", line 309, in run
    odoo.update_task(existing_task_id, odoo_fields)
    ~~~~~~~~~~~~~~~~^^^^^^^^^^^^^^^^^^^^^^^^^^^^^^^
  File "C:\Users\JasonAs\Pictures\Odoo-Kraken\kafka-sandbox\kraken_to_odoo_consumer.py", line 184, in update_task
    self._execute("project.task", "write", [task_id], values)
    ~~~~~~~~~~~~~^^^^^^^^^^^^^^^^^^^^^^^^^^^^^^^^^^^^^^^^^^^^
  File "C:\Users\JasonAs\Pictures\Odoo-Kraken\kafka-sandbox\kraken_to_odoo_consumer.py", line 154, in _execute
    return self.models.execute_kw(ODOO_DB, self.uid, ODOO_API_KEY, model, method, list(args))
           ~~~~~~~~~~~~~~~~~~~~~~^^^^^^^^^^^^^^^^^^^^^^^^^^^^^^^^^^^^^^^^^^^^^^^^^^^^^^^^^^^^
  File "C:\Program Files\WindowsApps\PythonSoftwareFoundation.Python.3.13_3.13.3824.0_x64__qbz5n2kfra8p0\Lib\xmlrpc\client.py", line 1096, in __call__
    return self.__send(self.__name, args)
           ~~~~~~~~~~~^^^^^^^^^^^^^^^^^^^
  File "C:\Program Files\WindowsApps\PythonSoftwareFoundation.Python.3.13_3.13.3824.0_x64__qbz5n2kfra8p0\Lib\xmlrpc\client.py", line 1435, in __request
    response = self.__transport.request(
        self.__host,
    ...<2 lines>...
        verbose=self.__verbose
        )
  File "C:\Program Files\WindowsApps\PythonSoftwareFoundation.Python.3.13_3.13.3824.0_x64__qbz5n2kfra8p0\Lib\xmlrpc\client.py", line 1140, in request
    return self.single_request(host, handler, request_body, verbose)
           ~~~~~~~~~~~~~~~~~~~^^^^^^^^^^^^^^^^^^^^^^^^^^^^^^^^^^^^^^
  File "C:\Program Files\WindowsApps\PythonSoftwareFoundation.Python.3.13_3.13.3824.0_x64__qbz5n2kfra8p0\Lib\xmlrpc\client.py", line 1156, in single_request
    return self.parse_response(resp)
           ~~~~~~~~~~~~~~~~~~~^^^^^^
  File "C:\Program Files\WindowsApps\PythonSoftwareFoundation.Python.3.13_3.13.3824.0_x64__qbz5n2kfra8p0\Lib\xmlrpc\client.py", line 1325, in parse_response
    return u.close()
           ~~~~~~~^^
  File "C:\Program Files\WindowsApps\PythonSoftwareFoundation.Python.3.13_3.13.3824.0_x64__qbz5n2kfra8p0\Lib\xmlrpc\client.py", line 642, in close
    raise Fault(**self._stack[0])
xmlrpc.client.Fault: <Fault 2: "Task '[80002] Sample incident #2 description' requires Effort Estimation before moving to 'In Progress'.">
2026-09-16 10:17:49,456 WARNING No Odoo user mapped for assignedTo='supertech_erp'
2026-09-16 10:17:49,528 ERROR Failed to process message at offset 60
Traceback (most recent call last):
  File "C:\Users\JasonAs\Pictures\Odoo-Kraken\kafka-sandbox\kraken_to_odoo_consumer.py", line 309, in run
    odoo.update_task(existing_task_id, odoo_fields)
    ~~~~~~~~~~~~~~~~^^^^^^^^^^^^^^^^^^^^^^^^^^^^^^^
  File "C:\Users\JasonAs\Pictures\Odoo-Kraken\kafka-sandbox\kraken_to_odoo_consumer.py", line 184, in update_task
    self._execute("project.task", "write", [task_id], values)
    ~~~~~~~~~~~~~^^^^^^^^^^^^^^^^^^^^^^^^^^^^^^^^^^^^^^^^^^^^
  File "C:\Users\JasonAs\Pictures\Odoo-Kraken\kafka-sandbox\kraken_to_odoo_consumer.py", line 154, in _execute
    return self.models.execute_kw(ODOO_DB, self.uid, ODOO_API_KEY, model, method, list(args))
           ~~~~~~~~~~~~~~~~~~~~~~^^^^^^^^^^^^^^^^^^^^^^^^^^^^^^^^^^^^^^^^^^^^^^^^^^^^^^^^^^^^
  File "C:\Program Files\WindowsApps\PythonSoftwareFoundation.Python.3.13_3.13.3824.0_x64__qbz5n2kfra8p0\Lib\xmlrpc\client.py", line 1096, in __call__
    return self.__send(self.__name, args)
           ~~~~~~~~~~~^^^^^^^^^^^^^^^^^^^
  File "C:\Program Files\WindowsApps\PythonSoftwareFoundation.Python.3.13_3.13.3824.0_x64__qbz5n2kfra8p0\Lib\xmlrpc\client.py", line 1435, in __request
    response = self.__transport.request(
        self.__host,
    ...<2 lines>...
        verbose=self.__verbose
        )
  File "C:\Program Files\WindowsApps\PythonSoftwareFoundation.Python.3.13_3.13.3824.0_x64__qbz5n2kfra8p0\Lib\xmlrpc\client.py", line 1140, in request
    return self.single_request(host, handler, request_body, verbose)
           ~~~~~~~~~~~~~~~~~~~^^^^^^^^^^^^^^^^^^^^^^^^^^^^^^^^^^^^^^
  File "C:\Program Files\WindowsApps\PythonSoftwareFoundation.Python.3.13_3.13.3824.0_x64__qbz5n2kfra8p0\Lib\xmlrpc\client.py", line 1156, in single_request
    return self.parse_response(resp)
           ~~~~~~~~~~~~~~~~~~~^^^^^^
  File "C:\Program Files\WindowsApps\PythonSoftwareFoundation.Python.3.13_3.13.3824.0_x64__qbz5n2kfra8p0\Lib\xmlrpc\client.py", line 1325, in parse_response
    return u.close()
           ~~~~~~~^^
  File "C:\Program Files\WindowsApps\PythonSoftwareFoundation.Python.3.13_3.13.3824.0_x64__qbz5n2kfra8p0\Lib\xmlrpc\client.py", line 642, in close
    raise Fault(**self._stack[0])
xmlrpc.client.Fault: <Fault 2: "You cannot move task '[80002] Sample incident #2 description' to stage 'Done' without logging timesheet hours on this task.\n\nPlease add timesheet entries (hours > 0) while working on the task, then move it to Done.">
2026-09-16 10:19:08,999 INFO Updated metadata: ClusterMetadata(brokers: 1, topics: 1, coordinators: 1)
2026-09-16 10:23:32,620 WARNING No Odoo user mapped for assignedTo='Aisha.Frimpong'
2026-09-16 10:23:32,665 ERROR Failed to process message at offset 61
Traceback (most recent call last):
  File "C:\Users\JasonAs\Pictures\Odoo-Kraken\kafka-sandbox\kraken_to_odoo_consumer.py", line 309, in run
    odoo.update_task(existing_task_id, odoo_fields)
    ~~~~~~~~~~~~~~~~^^^^^^^^^^^^^^^^^^^^^^^^^^^^^^^
  File "C:\Users\JasonAs\Pictures\Odoo-Kraken\kafka-sandbox\kraken_to_odoo_consumer.py", line 184, in update_task
    self._execute("project.task", "write", [task_id], values)
    ~~~~~~~~~~~~~^^^^^^^^^^^^^^^^^^^^^^^^^^^^^^^^^^^^^^^^^^^^
  File "C:\Users\JasonAs\Pictures\Odoo-Kraken\kafka-sandbox\kraken_to_odoo_consumer.py", line 154, in _execute
    return self.models.execute_kw(ODOO_DB, self.uid, ODOO_API_KEY, model, method, list(args))
           ~~~~~~~~~~~~~~~~~~~~~~^^^^^^^^^^^^^^^^^^^^^^^^^^^^^^^^^^^^^^^^^^^^^^^^^^^^^^^^^^^^
  File "C:\Program Files\WindowsApps\PythonSoftwareFoundation.Python.3.13_3.13.3824.0_x64__qbz5n2kfra8p0\Lib\xmlrpc\client.py", line 1096, in __call__
    return self.__send(self.__name, args)
           ~~~~~~~~~~~^^^^^^^^^^^^^^^^^^^
  File "C:\Program Files\WindowsApps\PythonSoftwareFoundation.Python.3.13_3.13.3824.0_x64__qbz5n2kfra8p0\Lib\xmlrpc\client.py", line 1435, in __request
    response = self.__transport.request(
        self.__host,
    ...<2 lines>...
        verbose=self.__verbose
        )
  File "C:\Program Files\WindowsApps\PythonSoftwareFoundation.Python.3.13_3.13.3824.0_x64__qbz5n2kfra8p0\Lib\xmlrpc\client.py", line 1140, in request
    return self.single_request(host, handler, request_body, verbose)
           ~~~~~~~~~~~~~~~~~~~^^^^^^^^^^^^^^^^^^^^^^^^^^^^^^^^^^^^^^
  File "C:\Program Files\WindowsApps\PythonSoftwareFoundation.Python.3.13_3.13.3824.0_x64__qbz5n2kfra8p0\Lib\xmlrpc\client.py", line 1156, in single_request
    return self.parse_response(resp)
           ~~~~~~~~~~~~~~~~~~~^^^^^^
  File "C:\Program Files\WindowsApps\PythonSoftwareFoundation.Python.3.13_3.13.3824.0_x64__qbz5n2kfra8p0\Lib\xmlrpc\client.py", line 1325, in parse_response
    return u.close()
           ~~~~~~~^^
  File "C:\Program Files\WindowsApps\PythonSoftwareFoundation.Python.3.13_3.13.3824.0_x64__qbz5n2kfra8p0\Lib\xmlrpc\client.py", line 642, in close
    raise Fault(**self._stack[0])
xmlrpc.client.Fault: <Fault 2: "Task '[80003] Sample incident #3 description' requires Effort Estimation before moving to 'In Progress'.">
2026-09-16 10:23:37,630 WARNING No Odoo user mapped for assignedTo='Aisha.Frimpong'
2026-09-16 10:23:37,699 ERROR Failed to process message at offset 62
Traceback (most recent call last):
  File "C:\Users\JasonAs\Pictures\Odoo-Kraken\kafka-sandbox\kraken_to_odoo_consumer.py", line 309, in run
    odoo.update_task(existing_task_id, odoo_fields)
    ~~~~~~~~~~~~~~~~^^^^^^^^^^^^^^^^^^^^^^^^^^^^^^^
  File "C:\Users\JasonAs\Pictures\Odoo-Kraken\kafka-sandbox\kraken_to_odoo_consumer.py", line 184, in update_task
    self._execute("project.task", "write", [task_id], values)
    ~~~~~~~~~~~~~^^^^^^^^^^^^^^^^^^^^^^^^^^^^^^^^^^^^^^^^^^^^
  File "C:\Users\JasonAs\Pictures\Odoo-Kraken\kafka-sandbox\kraken_to_odoo_consumer.py", line 154, in _execute
    return self.models.execute_kw(ODOO_DB, self.uid, ODOO_API_KEY, model, method, list(args))
           ~~~~~~~~~~~~~~~~~~~~~~^^^^^^^^^^^^^^^^^^^^^^^^^^^^^^^^^^^^^^^^^^^^^^^^^^^^^^^^^^^^
  File "C:\Program Files\WindowsApps\PythonSoftwareFoundation.Python.3.13_3.13.3824.0_x64__qbz5n2kfra8p0\Lib\xmlrpc\client.py", line 1096, in __call__
    return self.__send(self.__name, args)
           ~~~~~~~~~~~^^^^^^^^^^^^^^^^^^^
  File "C:\Program Files\WindowsApps\PythonSoftwareFoundation.Python.3.13_3.13.3824.0_x64__qbz5n2kfra8p0\Lib\xmlrpc\client.py", line 1435, in __request
    response = self.__transport.request(
        self.__host,
    ...<2 lines>...
        verbose=self.__verbose
        )
  File "C:\Program Files\WindowsApps\PythonSoftwareFoundation.Python.3.13_3.13.3824.0_x64__qbz5n2kfra8p0\Lib\xmlrpc\client.py", line 1140, in request
    return self.single_request(host, handler, request_body, verbose)
           ~~~~~~~~~~~~~~~~~~~^^^^^^^^^^^^^^^^^^^^^^^^^^^^^^^^^^^^^^
  File "C:\Program Files\WindowsApps\PythonSoftwareFoundation.Python.3.13_3.13.3824.0_x64__qbz5n2kfra8p0\Lib\xmlrpc\client.py", line 1156, in single_request
    return self.parse_response(resp)
           ~~~~~~~~~~~~~~~~~~~^^^^^^
  File "C:\Program Files\WindowsApps\PythonSoftwareFoundation.Python.3.13_3.13.3824.0_x64__qbz5n2kfra8p0\Lib\xmlrpc\client.py", line 1325, in parse_response
    return u.close()
           ~~~~~~~^^
  File "C:\Program Files\WindowsApps\PythonSoftwareFoundation.Python.3.13_3.13.3824.0_x64__qbz5n2kfra8p0\Lib\xmlrpc\client.py", line 642, in close
    raise Fault(**self._stack[0])
xmlrpc.client.Fault: <Fault 2: "You cannot move task '[80003] Sample incident #3 description' to stage 'Done' without logging timesheet hours on this task.\n\nPlease add timesheet entries (hours > 0) while working on the task, then move it to Done.">
2026-09-16 10:24:09,419 INFO Updated metadata: ClusterMetadata(brokers: 1, topics: 1, coordinators: 1)
2026-09-16 10:29:09,532 INFO Updated metadata: ClusterMetadata(brokers: 1, topics: 1, coordinators: 1)
2026-09-16 10:32:20,058 WARNING No Odoo user mapped for assignedTo='supertech_erp'
2026-09-16 10:32:20,270 INFO Updated Odoo task 495 for ticket 3 (status=OPEN)
2026-09-16 10:32:24,897 WARNING No Odoo user mapped for assignedTo='supertech_erp'
2026-09-16 10:32:25,061 ERROR Failed to process message at offset 64
Traceback (most recent call last):
  File "C:\Users\JasonAs\Pictures\Odoo-Kraken\kafka-sandbox\kraken_to_odoo_consumer.py", line 309, in run
    bootstrap_servers=KAFKA_BOOTSTRAP_SERVERS,
            ^^^^^^^^^^^^^^^^^^^^^^^^^^^^^^^^^^
  File "C:\Users\JasonAs\Pictures\Odoo-Kraken\kafka-sandbox\kraken_to_odoo_consumer.py", line 184, in update_task
    self._project_id_cache = ids[0]
  File "C:\Users\JasonAs\Pictures\Odoo-Kraken\kafka-sandbox\kraken_to_odoo_consumer.py", line 154, in _execute
    conn.execute(
               ^^
  File "C:\Program Files\WindowsApps\PythonSoftwareFoundation.Python.3.13_3.13.3824.0_x64__qbz5n2kfra8p0\Lib\xmlrpc\client.py", line 1096, in __call__
    return self.__send(self.__name, args)
           ~~~~~~~~~~~^^^^^^^^^^^^^^^^^^^
  File "C:\Program Files\WindowsApps\PythonSoftwareFoundation.Python.3.13_3.13.3824.0_x64__qbz5n2kfra8p0\Lib\xmlrpc\client.py", line 1435, in __request
    response = self.__transport.request(
        self.__host,
    ...<2 lines>...
        verbose=self.__verbose
        )
  File "C:\Program Files\WindowsApps\PythonSoftwareFoundation.Python.3.13_3.13.3824.0_x64__qbz5n2kfra8p0\Lib\xmlrpc\client.py", line 1140, in request
    return self.single_request(host, handler, request_body, verbose)
           ~~~~~~~~~~~~~~~~~~~^^^^^^^^^^^^^^^^^^^^^^^^^^^^^^^^^^^^^^
  File "C:\Program Files\WindowsApps\PythonSoftwareFoundation.Python.3.13_3.13.3824.0_x64__qbz5n2kfra8p0\Lib\xmlrpc\client.py", line 1156, in single_request
    return self.parse_response(resp)
           ~~~~~~~~~~~~~~~~~~~^^^^^^
  File "C:\Program Files\WindowsApps\PythonSoftwareFoundation.Python.3.13_3.13.3824.0_x64__qbz5n2kfra8p0\Lib\xmlrpc\client.py", line 1325, in parse_response
    return u.close()
           ~~~~~~~^^
  File "C:\Program Files\WindowsApps\PythonSoftwareFoundation.Python.3.13_3.13.3824.0_x64__qbz5n2kfra8p0\Lib\xmlrpc\client.py", line 642, in close
    raise Fault(**self._stack[0])
xmlrpc.client.Fault: <Fault 2: "You cannot move task '[80003] Sample incident #3 description' to stage 'Done' without logging timesheet hours on this task.\n\nPlease add timesheet entries (hours > 0) while working on the task, then move it to Done.">
2026-09-16 10:34:09,633 INFO Updated metadata: ClusterMetadata(brokers: 1, topics: 1, coordinators: 1)
2026-09-16 10:39:09,951 INFO Updated metadata: ClusterMetadata(brokers: 1, topics: 1, coordinators: 1)
2026-09-16 10:39:50,318 WARNING No Odoo user mapped for assignedTo='Andy.Appiah'
2026-09-16 10:39:50,386 ERROR Failed to process message at offset 65
Traceback (most recent call last):
  File "C:\Users\JasonAs\Pictures\Odoo-Kraken\kafka-sandbox\kraken_to_odoo_consumer.py", line 309, in run
    # TODO: push to a dead-letter file/topic instead of just logging
  File "C:\Users\JasonAs\Pictures\Odoo-Kraken\kafka-sandbox\kraken_to_odoo_consumer.py", line 184, in update_task
    if not epoch_seconds:
        ^^^^^^^^^^^^^^^^^
  File "C:\Users\JasonAs\Pictures\Odoo-Kraken\kafka-sandbox\kraken_to_odoo_consumer.py", line 154, in _execute
    raise RuntimeError(f"Odoo project '{ODOO_PROJECT_NAME}' not found")
  File "C:\Program Files\WindowsApps\PythonSoftwareFoundation.Python.3.13_3.13.3824.0_x64__qbz5n2kfra8p0\Lib\xmlrpc\client.py", line 1096, in __call__
    return self.__send(self.__name, args)
           ~~~~~~~~~~~^^^^^^^^^^^^^^^^^^^
  File "C:\Program Files\WindowsApps\PythonSoftwareFoundation.Python.3.13_3.13.3824.0_x64__qbz5n2kfra8p0\Lib\xmlrpc\client.py", line 1435, in __request
    response = self.__transport.request(
        self.__host,
    ...<2 lines>...
        verbose=self.__verbose
        )
  File "C:\Program Files\WindowsApps\PythonSoftwareFoundation.Python.3.13_3.13.3824.0_x64__qbz5n2kfra8p0\Lib\xmlrpc\client.py", line 1140, in request
    return self.single_request(host, handler, request_body, verbose)
           ~~~~~~~~~~~~~~~~~~~^^^^^^^^^^^^^^^^^^^^^^^^^^^^^^^^^^^^^^
  File "C:\Program Files\WindowsApps\PythonSoftwareFoundation.Python.3.13_3.13.3824.0_x64__qbz5n2kfra8p0\Lib\xmlrpc\client.py", line 1156, in single_request
    return self.parse_response(resp)
           ~~~~~~~~~~~~~~~~~~~^^^^^^
  File "C:\Program Files\WindowsApps\PythonSoftwareFoundation.Python.3.13_3.13.3824.0_x64__qbz5n2kfra8p0\Lib\xmlrpc\client.py", line 1325, in parse_response
    return u.close()
           ~~~~~~~^^
  File "C:\Program Files\WindowsApps\PythonSoftwareFoundation.Python.3.13_3.13.3824.0_x64__qbz5n2kfra8p0\Lib\xmlrpc\client.py", line 642, in close
    raise Fault(**self._stack[0])
xmlrpc.client.Fault: <Fault 2: "You cannot move task '[80003] Sample incident #3 description' to stage 'Done' without logging timesheet hours on this task.\n\nPlease add timesheet entries (hours > 0) while working on the task, then move it to Done.">
2026-09-16 10:39:55,325 WARNING No Odoo user mapped for assignedTo='Andy.Appiah'
2026-09-16 10:39:55,389 ERROR Failed to process message at offset 66
Traceback (most recent call last):
  File "C:\Users\JasonAs\Pictures\Odoo-Kraken\kafka-sandbox\kraken_to_odoo_consumer.py", line 309, in run
    # TODO: push to a dead-letter file/topic instead of just logging
  File "C:\Users\JasonAs\Pictures\Odoo-Kraken\kafka-sandbox\kraken_to_odoo_consumer.py", line 184, in update_task
    if not epoch_seconds:
        ^^^^^^^^^^^^^^^^^
  File "C:\Users\JasonAs\Pictures\Odoo-Kraken\kafka-sandbox\kraken_to_odoo_consumer.py", line 154, in _execute
    raise RuntimeError(f"Odoo project '{ODOO_PROJECT_NAME}' not found")
  File "C:\Program Files\WindowsApps\PythonSoftwareFoundation.Python.3.13_3.13.3824.0_x64__qbz5n2kfra8p0\Lib\xmlrpc\client.py", line 1096, in __call__
    return self.__send(self.__name, args)
           ~~~~~~~~~~~^^^^^^^^^^^^^^^^^^^
  File "C:\Program Files\WindowsApps\PythonSoftwareFoundation.Python.3.13_3.13.3824.0_x64__qbz5n2kfra8p0\Lib\xmlrpc\client.py", line 1435, in __request
    response = self.__transport.request(
        self.__host,
    ...<2 lines>...
        verbose=self.__verbose
        )
  File "C:\Program Files\WindowsApps\PythonSoftwareFoundation.Python.3.13_3.13.3824.0_x64__qbz5n2kfra8p0\Lib\xmlrpc\client.py", line 1140, in request
    return self.single_request(host, handler, request_body, verbose)
           ~~~~~~~~~~~~~~~~~~~^^^^^^^^^^^^^^^^^^^^^^^^^^^^^^^^^^^^^^
  File "C:\Program Files\WindowsApps\PythonSoftwareFoundation.Python.3.13_3.13.3824.0_x64__qbz5n2kfra8p0\Lib\xmlrpc\client.py", line 1156, in single_request
    return self.parse_response(resp)
           ~~~~~~~~~~~~~~~~~~~^^^^^^
  File "C:\Program Files\WindowsApps\PythonSoftwareFoundation.Python.3.13_3.13.3824.0_x64__qbz5n2kfra8p0\Lib\xmlrpc\client.py", line 1325, in parse_response
    return u.close()
           ~~~~~~~^^
  File "C:\Program Files\WindowsApps\PythonSoftwareFoundation.Python.3.13_3.13.3824.0_x64__qbz5n2kfra8p0\Lib\xmlrpc\client.py", line 642, in close
    raise Fault(**self._stack[0])
xmlrpc.client.Fault: <Fault 2: "You cannot move task '[80003] Sample incident #3 description' to stage 'Done' without logging timesheet hours on this task.\n\nPlease add timesheet entries (hours > 0) while working on the task, then move it to Done.">
2026-09-16 10:42:37,590 INFO IO loop starting (client_id=kafka-python-3.0.11)
2026-09-16 10:42:37,590 INFO Attempting bootstrap to bootstrap-0 at localhost:9094 (rack None)
2026-09-16 10:42:37,590 INFO Initializing connection for node_id bootstrap-0 at localhost:9094 (rack=None)
2026-09-16 10:42:37,595 INFO <KafkaTCPTransport [::1:9094<-57950]>: connected to <socket.socket fd=1148, family=23, type=1, proto=0, laddr=('::1', 57950, 0, 0), raddr=('::1', 9094, 0, 0)>
2026-09-16 10:42:37,600 INFO <KafkaConnection node_id=bootstrap-0 host=[::1:9094<-57950] broker_version=unknown (initializing)>: Broker version identified as 3.9
2026-09-16 10:42:37,600 INFO <KafkaConnection node_id=bootstrap-0 host=[::1:9094<-57950] broker_version=(3, 9) (connected)>: Connected
2026-09-16 10:42:37,607 INFO Updated metadata: ClusterMetadata(brokers: 1, topics: 0, coordinators: 0)
2026-09-16 10:42:37,607 INFO Bootstrap complete: ClusterMetadata(brokers: 1, topics: 0, coordinators: 0)
2026-09-16 10:42:37,607 INFO Closing bootstrap connection bootstrap-0
2026-09-16 10:42:37,607 INFO <KafkaTCPTransport [::1:9094<-57950]>: Closing transport
2026-09-16 10:42:37,608 INFO <KafkaConnection node_id=bootstrap-0 broker_version=(3, 9) (disconnected)>: Connection closed
2026-09-16 10:42:37,608 INFO Starting metadata refresh loop
2026-09-16 10:42:37,609 INFO Updating subscribed topics to: ('tickets',)
2026-09-16 10:42:37,610 INFO Listening on topic 'tickets' as group 'odoo-ticket-sync'...
2026-09-16 10:42:37,611 INFO Initializing connection for node_id 1 at localhost:9094 (rack=None)
2026-09-16 10:42:37,612 INFO <KafkaTCPTransport [::1:9094<-57951]>: connected to <socket.socket fd=1148, family=23, type=1, proto=0, laddr=('::1', 57951, 0, 0), raddr=('::1', 9094, 0, 0)>
2026-09-16 10:42:37,616 INFO <KafkaConnection node_id=1 host=[::1:9094<-57951] broker_version=(3, 9) (connected)>: Connected
2026-09-16 10:42:37,621 INFO Coordinator for GROUP/odoo-ticket-sync is MetadataResponseBroker(node_id='coordinator-1', host='localhost', port=9094, rack=None)
2026-09-16 10:42:37,621 INFO Discovered coordinator coordinator-1 for group odoo-ticket-sync
2026-09-16 10:42:37,621 INFO Initializing connection for node_id coordinator-1 at localhost:9094 (rack=None)
2026-09-16 10:42:37,623 INFO Revoking previously assigned partitions set() for group odoo-ticket-sync
2026-09-16 10:42:37,623 INFO <KafkaTCPTransport [::1:9094<-57952]>: connected to <socket.socket fd=1336, family=23, type=1, proto=0, laddr=('::1', 57952, 0, 0), raddr=('::1', 9094, 0, 0)>
2026-09-16 10:42:37,623 INFO (Re-)joining group odoo-ticket-sync
2026-09-16 10:42:37,627 INFO <KafkaConnection node_id=coordinator-1 host=[::1:9094<-57952] broker_version=(3, 9) (connected)>: Connected
2026-09-16 10:42:37,642 INFO Received member id kafka-python-3.0.11-a956f95b-89d0-488c-8b1e-5345c49fb55b for group odoo-ticket-sync; will retry join-group
2026-09-16 10:42:37,643 INFO (Re-)joining group odoo-ticket-sync
2026-09-16 10:42:37,720 INFO Updated metadata: ClusterMetadata(brokers: 1, topics: 1, coordinators: 1)
2026-09-16 10:42:50,579 INFO Successfully joined group odoo-ticket-sync <Generation 8 (member_id: kafka-python-3.0.11-a956f95b-89d0-488c-8b1e-5345c49fb55b, protocol: range)>
2026-09-16 10:42:50,580 INFO Elected group leader -- performing partition assignments using range
2026-09-16 10:42:50,585 INFO Updated metadata: ClusterMetadata(brokers: 1, topics: 1, coordinators: 1)
2026-09-16 10:42:50,592 INFO Updated partition assignment: [TopicPartition(topic='tickets', partition=0)]
2026-09-16 10:42:50,592 INFO Setting newly assigned partitions {TopicPartition(topic='tickets', partition=0)} for group odoo-ticket-sync
2026-09-16 10:42:55,356 WARNING No Odoo user mapped for assignedTo='supertech_erp'
2026-09-16 10:42:55,454 ERROR Failed to process message at offset 67
Traceback (most recent call last):
  File "C:\Users\JasonAs\Pictures\Odoo-Kraken\kafka-sandbox\kraken_to_odoo_consumer.py", line 322, in run
    odoo.update_task(existing_task_id, odoo_fields)
    ~~~~~~~~~~~~~~~~^^^^^^^^^^^^^^^^^^^^^^^^^^^^^^^
  File "C:\Users\JasonAs\Pictures\Odoo-Kraken\kafka-sandbox\kraken_to_odoo_consumer.py", line 201, in update_task
    self._execute("project.task", "write", [task_id], values)
    ~~~~~~~~~~~~~^^^^^^^^^^^^^^^^^^^^^^^^^^^^^^^^^^^^^^^^^^^^
  File "C:\Users\JasonAs\Pictures\Odoo-Kraken\kafka-sandbox\kraken_to_odoo_consumer.py", line 171, in _execute
    return self.models.execute_kw(ODOO_DB, self.uid, ODOO_API_KEY, model, method, list(args))
           ~~~~~~~~~~~~~~~~~~~~~~^^^^^^^^^^^^^^^^^^^^^^^^^^^^^^^^^^^^^^^^^^^^^^^^^^^^^^^^^^^^
  File "C:\Program Files\WindowsApps\PythonSoftwareFoundation.Python.3.13_3.13.3824.0_x64__qbz5n2kfra8p0\Lib\xmlrpc\client.py", line 1096, in __call__
    return self.__send(self.__name, args)
           ~~~~~~~~~~~^^^^^^^^^^^^^^^^^^^
  File "C:\Program Files\WindowsApps\PythonSoftwareFoundation.Python.3.13_3.13.3824.0_x64__qbz5n2kfra8p0\Lib\xmlrpc\client.py", line 1435, in __request
    response = self.__transport.request(
        self.__host,
    ...<2 lines>...
        verbose=self.__verbose
        )
  File "C:\Program Files\WindowsApps\PythonSoftwareFoundation.Python.3.13_3.13.3824.0_x64__qbz5n2kfra8p0\Lib\xmlrpc\client.py", line 1140, in request
    return self.single_request(host, handler, request_body, verbose)
           ~~~~~~~~~~~~~~~~~~~^^^^^^^^^^^^^^^^^^^^^^^^^^^^^^^^^^^^^^
  File "C:\Program Files\WindowsApps\PythonSoftwareFoundation.Python.3.13_3.13.3824.0_x64__qbz5n2kfra8p0\Lib\xmlrpc\client.py", line 1156, in single_request
    return self.parse_response(resp)
           ~~~~~~~~~~~~~~~~~~~^^^^^^
  File "C:\Program Files\WindowsApps\PythonSoftwareFoundation.Python.3.13_3.13.3824.0_x64__qbz5n2kfra8p0\Lib\xmlrpc\client.py", line 1325, in parse_response
    return u.close()
           ~~~~~~~^^
  File "C:\Program Files\WindowsApps\PythonSoftwareFoundation.Python.3.13_3.13.3824.0_x64__qbz5n2kfra8p0\Lib\xmlrpc\client.py", line 642, in close
    raise Fault(**self._stack[0])
xmlrpc.client.Fault: <Fault 2: "You cannot move task '[80003] Sample incident #3 description' to stage 'Done' without logging timesheet hours on this task.\n\nPlease add timesheet entries (hours > 0) while working on the task, then move it to Done.">
2026-09-16 10:43:00,271 WARNING No Odoo user mapped for assignedTo='supertech_erp'
2026-09-16 10:43:00,321 ERROR Failed to process message at offset 68
Traceback (most recent call last):
  File "C:\Users\JasonAs\Pictures\Odoo-Kraken\kafka-sandbox\kraken_to_odoo_consumer.py", line 322, in run
    odoo.update_task(existing_task_id, odoo_fields)
    ~~~~~~~~~~~~~~~~^^^^^^^^^^^^^^^^^^^^^^^^^^^^^^^
  File "C:\Users\JasonAs\Pictures\Odoo-Kraken\kafka-sandbox\kraken_to_odoo_consumer.py", line 201, in update_task
    self._execute("project.task", "write", [task_id], values)
    ~~~~~~~~~~~~~^^^^^^^^^^^^^^^^^^^^^^^^^^^^^^^^^^^^^^^^^^^^
  File "C:\Users\JasonAs\Pictures\Odoo-Kraken\kafka-sandbox\kraken_to_odoo_consumer.py", line 171, in _execute
    return self.models.execute_kw(ODOO_DB, self.uid, ODOO_API_KEY, model, method, list(args))
           ~~~~~~~~~~~~~~~~~~~~~~^^^^^^^^^^^^^^^^^^^^^^^^^^^^^^^^^^^^^^^^^^^^^^^^^^^^^^^^^^^^
  File "C:\Program Files\WindowsApps\PythonSoftwareFoundation.Python.3.13_3.13.3824.0_x64__qbz5n2kfra8p0\Lib\xmlrpc\client.py", line 1096, in __call__
    return self.__send(self.__name, args)
           ~~~~~~~~~~~^^^^^^^^^^^^^^^^^^^
  File "C:\Program Files\WindowsApps\PythonSoftwareFoundation.Python.3.13_3.13.3824.0_x64__qbz5n2kfra8p0\Lib\xmlrpc\client.py", line 1435, in __request
    response = self.__transport.request(
        self.__host,
    ...<2 lines>...
        verbose=self.__verbose
        )
  File "C:\Program Files\WindowsApps\PythonSoftwareFoundation.Python.3.13_3.13.3824.0_x64__qbz5n2kfra8p0\Lib\xmlrpc\client.py", line 1140, in request
    return self.single_request(host, handler, request_body, verbose)
           ~~~~~~~~~~~~~~~~~~~^^^^^^^^^^^^^^^^^^^^^^^^^^^^^^^^^^^^^^
  File "C:\Program Files\WindowsApps\PythonSoftwareFoundation.Python.3.13_3.13.3824.0_x64__qbz5n2kfra8p0\Lib\xmlrpc\client.py", line 1156, in single_request
    return self.parse_response(resp)
           ~~~~~~~~~~~~~~~~~~~^^^^^^
  File "C:\Program Files\WindowsApps\PythonSoftwareFoundation.Python.3.13_3.13.3824.0_x64__qbz5n2kfra8p0\Lib\xmlrpc\client.py", line 1325, in parse_response
    return u.close()
           ~~~~~~~^^
  File "C:\Program Files\WindowsApps\PythonSoftwareFoundation.Python.3.13_3.13.3824.0_x64__qbz5n2kfra8p0\Lib\xmlrpc\client.py", line 642, in close
    raise Fault(**self._stack[0])
xmlrpc.client.Fault: <Fault 2: "You cannot move task '[80003] Sample incident #3 description' to stage 'Done' without logging timesheet hours on this task.\n\nPlease add timesheet entries (hours > 0) while working on the task, then move it to Done.">
2026-09-16 10:47:51,016 INFO Updated metadata: ClusterMetadata(brokers: 1, topics: 1, coordinators: 1)
2026-09-16 10:52:51,137 INFO Updated metadata: ClusterMetadata(brokers: 1, topics: 1, coordinators: 1)
2026-09-16 10:57:51,209 INFO Updated metadata: ClusterMetadata(brokers: 1, topics: 1, coordinators: 1)
2026-09-16 11:02:51,400 INFO Updated metadata: ClusterMetadata(brokers: 1, topics: 1, coordinators: 1)
2026-09-16 11:07:51,511 INFO Updated metadata: ClusterMetadata(brokers: 1, topics: 1, coordinators: 1)
2026-09-16 11:12:51,638 INFO Updated metadata: ClusterMetadata(brokers: 1, topics: 1, coordinators: 1)
2026-09-16 11:17:51,780 INFO Updated metadata: ClusterMetadata(brokers: 1, topics: 1, coordinators: 1)
2026-09-16 11:22:51,936 INFO Updated metadata: ClusterMetadata(brokers: 1, topics: 1, coordinators: 1)
2026-09-16 11:27:51,953 INFO Updated metadata: ClusterMetadata(brokers: 1, topics: 1, coordinators: 1)
2026-09-16 11:32:52,397 INFO Updated metadata: ClusterMetadata(brokers: 1, topics: 1, coordinators: 1)
2026-09-16 11:37:52,518 INFO Updated metadata: ClusterMetadata(brokers: 1, topics: 1, coordinators: 1)
2026-09-16 11:42:52,565 INFO Updated metadata: ClusterMetadata(brokers: 1, topics: 1, coordinators: 1)
2026-09-16 11:47:52,615 INFO Updated metadata: ClusterMetadata(brokers: 1, topics: 1, coordinators: 1)
2026-09-16 11:50:04,414 WARNING No Odoo user mapped for assignedTo='supertech_erp'
2026-09-16 11:50:04,470 ERROR Failed to process message at offset 69
Traceback (most recent call last):
  File "C:\Users\JasonAs\Pictures\Odoo-Kraken\kafka-sandbox\kraken_to_odoo_consumer.py", line 322, in run
  File "C:\Users\JasonAs\Pictures\Odoo-Kraken\kafka-sandbox\kraken_to_odoo_consumer.py", line 201, in update_task
    def update_task(self, task_id: int, values: dict):
        ^^^^^^^^^^^^^^^^^^^^^^^^^^^^^^^^^^^^^^^^^^^^^^
  File "C:\Users\JasonAs\Pictures\Odoo-Kraken\kafka-sandbox\kraken_to_odoo_consumer.py", line 171, in _execute
    def _execute(self, model, method, *args):
               ^^^^^^^^^^^^^^^^^^^^^^^^^^^^^^
  File "C:\Program Files\WindowsApps\PythonSoftwareFoundation.Python.3.13_3.13.3824.0_x64__qbz5n2kfra8p0\Lib\xmlrpc\client.py", line 1096, in __call__
    return self.__send(self.__name, args)
           ~~~~~~~~~~~^^^^^^^^^^^^^^^^^^^
  File "C:\Program Files\WindowsApps\PythonSoftwareFoundation.Python.3.13_3.13.3824.0_x64__qbz5n2kfra8p0\Lib\xmlrpc\client.py", line 1435, in __request
    response = self.__transport.request(
        self.__host,
    ...<2 lines>...
        verbose=self.__verbose
        )
  File "C:\Program Files\WindowsApps\PythonSoftwareFoundation.Python.3.13_3.13.3824.0_x64__qbz5n2kfra8p0\Lib\xmlrpc\client.py", line 1140, in request
    return self.single_request(host, handler, request_body, verbose)
           ~~~~~~~~~~~~~~~~~~~^^^^^^^^^^^^^^^^^^^^^^^^^^^^^^^^^^^^^^
  File "C:\Program Files\WindowsApps\PythonSoftwareFoundation.Python.3.13_3.13.3824.0_x64__qbz5n2kfra8p0\Lib\xmlrpc\client.py", line 1156, in single_request
    return self.parse_response(resp)
           ~~~~~~~~~~~~~~~~~~~^^^^^^
  File "C:\Program Files\WindowsApps\PythonSoftwareFoundation.Python.3.13_3.13.3824.0_x64__qbz5n2kfra8p0\Lib\xmlrpc\client.py", line 1325, in parse_response
    return u.close()
           ~~~~~~~^^
  File "C:\Program Files\WindowsApps\PythonSoftwareFoundation.Python.3.13_3.13.3824.0_x64__qbz5n2kfra8p0\Lib\xmlrpc\client.py", line 642, in close
    raise Fault(**self._stack[0])
xmlrpc.client.Fault: <Fault 2: "Task '[80003] Sample incident #3 description' requires Effort Estimation before moving to 'In Progress'.">
2026-09-16 11:50:09,344 WARNING No Odoo user mapped for assignedTo='supertech_erp'
2026-09-16 11:50:09,411 ERROR Failed to process message at offset 70
Traceback (most recent call last):
  File "C:\Users\JasonAs\Pictures\Odoo-Kraken\kafka-sandbox\kraken_to_odoo_consumer.py", line 322, in run
  File "C:\Users\JasonAs\Pictures\Odoo-Kraken\kafka-sandbox\kraken_to_odoo_consumer.py", line 201, in update_task
    def update_task(self, task_id: int, values: dict):
        ^^^^^^^^^^^^^^^^^^^^^^^^^^^^^^^^^^^^^^^^^^^^^^
  File "C:\Users\JasonAs\Pictures\Odoo-Kraken\kafka-sandbox\kraken_to_odoo_consumer.py", line 171, in _execute
    def _execute(self, model, method, *args):
               ^^^^^^^^^^^^^^^^^^^^^^^^^^^^^^
  File "C:\Program Files\WindowsApps\PythonSoftwareFoundation.Python.3.13_3.13.3824.0_x64__qbz5n2kfra8p0\Lib\xmlrpc\client.py", line 1096, in __call__
    return self.__send(self.__name, args)
           ~~~~~~~~~~~^^^^^^^^^^^^^^^^^^^
  File "C:\Program Files\WindowsApps\PythonSoftwareFoundation.Python.3.13_3.13.3824.0_x64__qbz5n2kfra8p0\Lib\xmlrpc\client.py", line 1435, in __request
    response = self.__transport.request(
        self.__host,
    ...<2 lines>...
        verbose=self.__verbose
        )
  File "C:\Program Files\WindowsApps\PythonSoftwareFoundation.Python.3.13_3.13.3824.0_x64__qbz5n2kfra8p0\Lib\xmlrpc\client.py", line 1140, in request
    return self.single_request(host, handler, request_body, verbose)
           ~~~~~~~~~~~~~~~~~~~^^^^^^^^^^^^^^^^^^^^^^^^^^^^^^^^^^^^^^
  File "C:\Program Files\WindowsApps\PythonSoftwareFoundation.Python.3.13_3.13.3824.0_x64__qbz5n2kfra8p0\Lib\xmlrpc\client.py", line 1156, in single_request
    return self.parse_response(resp)
           ~~~~~~~~~~~~~~~~~~~^^^^^^
  File "C:\Program Files\WindowsApps\PythonSoftwareFoundation.Python.3.13_3.13.3824.0_x64__qbz5n2kfra8p0\Lib\xmlrpc\client.py", line 1325, in parse_response
    return u.close()
           ~~~~~~~^^
  File "C:\Program Files\WindowsApps\PythonSoftwareFoundation.Python.3.13_3.13.3824.0_x64__qbz5n2kfra8p0\Lib\xmlrpc\client.py", line 642, in close
    raise Fault(**self._stack[0])
xmlrpc.client.Fault: <Fault 2: "You cannot move task '[80003] Sample incident #3 description' to stage 'Done' without logging timesheet hours on this task.\n\nPlease add timesheet entries (hours > 0) while working on the task, then move it to Done.">
2026-09-16 11:52:38,270 WARNING No Odoo user mapped for assignedTo='supertech_erp'
2026-09-16 11:52:38,328 ERROR Failed to process message at offset 71
Traceback (most recent call last):
  File "C:\Users\JasonAs\Pictures\Odoo-Kraken\kafka-sandbox\kraken_to_odoo_consumer.py", line 322, in run
  File "C:\Users\JasonAs\Pictures\Odoo-Kraken\kafka-sandbox\kraken_to_odoo_consumer.py", line 201, in update_task
    def update_task(self, task_id: int, values: dict):
        ^^^^^^^^^^^^^^^^^^^^^^^^^^^^^^^^^^^^^^^^^^^^^^
  File "C:\Users\JasonAs\Pictures\Odoo-Kraken\kafka-sandbox\kraken_to_odoo_consumer.py", line 171, in _execute
    def _execute(self, model, method, *args):
               ^^^^^^^^^^^^^^^^^^^^^^^^^^^^^^
  File "C:\Program Files\WindowsApps\PythonSoftwareFoundation.Python.3.13_3.13.3824.0_x64__qbz5n2kfra8p0\Lib\xmlrpc\client.py", line 1096, in __call__
    return self.__send(self.__name, args)
           ~~~~~~~~~~~^^^^^^^^^^^^^^^^^^^
  File "C:\Program Files\WindowsApps\PythonSoftwareFoundation.Python.3.13_3.13.3824.0_x64__qbz5n2kfra8p0\Lib\xmlrpc\client.py", line 1435, in __request
    response = self.__transport.request(
        self.__host,
    ...<2 lines>...
        verbose=self.__verbose
        )
  File "C:\Program Files\WindowsApps\PythonSoftwareFoundation.Python.3.13_3.13.3824.0_x64__qbz5n2kfra8p0\Lib\xmlrpc\client.py", line 1140, in request
    return self.single_request(host, handler, request_body, verbose)
           ~~~~~~~~~~~~~~~~~~~^^^^^^^^^^^^^^^^^^^^^^^^^^^^^^^^^^^^^^
  File "C:\Program Files\WindowsApps\PythonSoftwareFoundation.Python.3.13_3.13.3824.0_x64__qbz5n2kfra8p0\Lib\xmlrpc\client.py", line 1156, in single_request
    return self.parse_response(resp)
           ~~~~~~~~~~~~~~~~~~~^^^^^^
  File "C:\Program Files\WindowsApps\PythonSoftwareFoundation.Python.3.13_3.13.3824.0_x64__qbz5n2kfra8p0\Lib\xmlrpc\client.py", line 1325, in parse_response
    return u.close()
           ~~~~~~~^^
  File "C:\Program Files\WindowsApps\PythonSoftwareFoundation.Python.3.13_3.13.3824.0_x64__qbz5n2kfra8p0\Lib\xmlrpc\client.py", line 642, in close
    raise Fault(**self._stack[0])
xmlrpc.client.Fault: <Fault 2: "You cannot move task '[80003] Sample incident #3 description' to stage 'Done' without logging timesheet hours on this task.\n\nPlease add timesheet entries (hours > 0) while working on the task, then move it to Done.">
2026-09-16 11:52:43,279 WARNING No Odoo user mapped for assignedTo='supertech_erp'
2026-09-16 11:52:43,354 ERROR Failed to process message at offset 72
Traceback (most recent call last):
  File "C:\Users\JasonAs\Pictures\Odoo-Kraken\kafka-sandbox\kraken_to_odoo_consumer.py", line 322, in run
  File "C:\Users\JasonAs\Pictures\Odoo-Kraken\kafka-sandbox\kraken_to_odoo_consumer.py", line 201, in update_task
    def update_task(self, task_id: int, values: dict):
        ^^^^^^^^^^^^^^^^^^^^^^^^^^^^^^^^^^^^^^^^^^^^^^
  File "C:\Users\JasonAs\Pictures\Odoo-Kraken\kafka-sandbox\kraken_to_odoo_consumer.py", line 171, in _execute
    def _execute(self, model, method, *args):
               ^^^^^^^^^^^^^^^^^^^^^^^^^^^^^^
  File "C:\Program Files\WindowsApps\PythonSoftwareFoundation.Python.3.13_3.13.3824.0_x64__qbz5n2kfra8p0\Lib\xmlrpc\client.py", line 1096, in __call__
    return self.__send(self.__name, args)
           ~~~~~~~~~~~^^^^^^^^^^^^^^^^^^^
  File "C:\Program Files\WindowsApps\PythonSoftwareFoundation.Python.3.13_3.13.3824.0_x64__qbz5n2kfra8p0\Lib\xmlrpc\client.py", line 1435, in __request
    response = self.__transport.request(
        self.__host,
    ...<2 lines>...
        verbose=self.__verbose
        )
  File "C:\Program Files\WindowsApps\PythonSoftwareFoundation.Python.3.13_3.13.3824.0_x64__qbz5n2kfra8p0\Lib\xmlrpc\client.py", line 1140, in request
    return self.single_request(host, handler, request_body, verbose)
           ~~~~~~~~~~~~~~~~~~~^^^^^^^^^^^^^^^^^^^^^^^^^^^^^^^^^^^^^^
  File "C:\Program Files\WindowsApps\PythonSoftwareFoundation.Python.3.13_3.13.3824.0_x64__qbz5n2kfra8p0\Lib\xmlrpc\client.py", line 1156, in single_request
    return self.parse_response(resp)
           ~~~~~~~~~~~~~~~~~~~^^^^^^
  File "C:\Program Files\WindowsApps\PythonSoftwareFoundation.Python.3.13_3.13.3824.0_x64__qbz5n2kfra8p0\Lib\xmlrpc\client.py", line 1325, in parse_response
    return u.close()
           ~~~~~~~^^
  File "C:\Program Files\WindowsApps\PythonSoftwareFoundation.Python.3.13_3.13.3824.0_x64__qbz5n2kfra8p0\Lib\xmlrpc\client.py", line 642, in close
    raise Fault(**self._stack[0])
xmlrpc.client.Fault: <Fault 2: "You cannot move task '[80003] Sample incident #3 description' to stage 'Done' without logging timesheet hours on this task.\n\nPlease add timesheet entries (hours > 0) while working on the task, then move it to Done.">
2026-09-16 11:52:52,917 INFO Updated metadata: ClusterMetadata(brokers: 1, topics: 1, coordinators: 1)
2026-09-16 11:54:39,141 WARNING No Odoo user mapped for assignedTo='Jason Asamoah'
2026-09-16 11:54:39,263 INFO Updated Odoo task 495 for ticket 3 (status=OPEN)
2026-09-16 11:54:44,146 WARNING No Odoo user mapped for assignedTo='Jason Asamoah'
2026-09-16 11:54:44,212 ERROR Failed to process message at offset 74
Traceback (most recent call last):
  File "C:\Users\JasonAs\Pictures\Odoo-Kraken\kafka-sandbox\kraken_to_odoo_consumer.py", line 322, in run
  File "C:\Users\JasonAs\Pictures\Odoo-Kraken\kafka-sandbox\kraken_to_odoo_consumer.py", line 201, in update_task
    def update_task(self, task_id: int, values: dict):
        ^^^^^^^^^^^^^^^^^^^^^^^^^^^^^^^^^^^^^^^^^^^^^^
  File "C:\Users\JasonAs\Pictures\Odoo-Kraken\kafka-sandbox\kraken_to_odoo_consumer.py", line 171, in _execute
    def _execute(self, model, method, *args):
               ^^^^^^^^^^^^^^^^^^^^^^^^^^^^^^
  File "C:\Program Files\WindowsApps\PythonSoftwareFoundation.Python.3.13_3.13.3824.0_x64__qbz5n2kfra8p0\Lib\xmlrpc\client.py", line 1096, in __call__
    return self.__send(self.__name, args)
           ~~~~~~~~~~~^^^^^^^^^^^^^^^^^^^
  File "C:\Program Files\WindowsApps\PythonSoftwareFoundation.Python.3.13_3.13.3824.0_x64__qbz5n2kfra8p0\Lib\xmlrpc\client.py", line 1435, in __request
    response = self.__transport.request(
        self.__host,
    ...<2 lines>...
        verbose=self.__verbose
        )
  File "C:\Program Files\WindowsApps\PythonSoftwareFoundation.Python.3.13_3.13.3824.0_x64__qbz5n2kfra8p0\Lib\xmlrpc\client.py", line 1140, in request
    return self.single_request(host, handler, request_body, verbose)
           ~~~~~~~~~~~~~~~~~~~^^^^^^^^^^^^^^^^^^^^^^^^^^^^^^^^^^^^^^
  File "C:\Program Files\WindowsApps\PythonSoftwareFoundation.Python.3.13_3.13.3824.0_x64__qbz5n2kfra8p0\Lib\xmlrpc\client.py", line 1156, in single_request
    return self.parse_response(resp)
           ~~~~~~~~~~~~~~~~~~~^^^^^^
  File "C:\Program Files\WindowsApps\PythonSoftwareFoundation.Python.3.13_3.13.3824.0_x64__qbz5n2kfra8p0\Lib\xmlrpc\client.py", line 1325, in parse_response
    return u.close()
           ~~~~~~~^^
  File "C:\Program Files\WindowsApps\PythonSoftwareFoundation.Python.3.13_3.13.3824.0_x64__qbz5n2kfra8p0\Lib\xmlrpc\client.py", line 642, in close
    raise Fault(**self._stack[0])
xmlrpc.client.Fault: <Fault 2: "You cannot move task '[80003] Sample incident #3 description' to stage 'Done' without logging timesheet hours on this task.\n\nPlease add timesheet entries (hours > 0) while working on the task, then move it to Done.">
2026-09-16 11:57:53,253 INFO Updated metadata: ClusterMetadata(brokers: 1, topics: 1, coordinators: 1)
2026-09-16 12:02:53,399 INFO Updated metadata: ClusterMetadata(brokers: 1, topics: 1, coordinators: 1)
2026-09-16 12:07:53,569 INFO Updated metadata: ClusterMetadata(brokers: 1, topics: 1, coordinators: 1)
2026-09-16 12:17:28,114 INFO IO loop starting (client_id=kafka-python-3.0.11)
2026-09-16 12:17:28,115 INFO Attempting bootstrap to bootstrap-0 at localhost:9094 (rack None)
2026-09-16 12:17:28,115 INFO Initializing connection for node_id bootstrap-0 at localhost:9094 (rack=None)
2026-09-16 12:17:28,120 INFO <KafkaTCPTransport [::1:9094<-60597]>: connected to <socket.socket fd=1316, family=23, type=1, proto=0, laddr=('::1', 60597, 0, 0), raddr=('::1', 9094, 0, 0)>
2026-09-16 12:17:28,247 INFO <KafkaConnection node_id=bootstrap-0 host=[::1:9094<-60597] broker_version=unknown (initializing)>: Broker version identified as 3.9
2026-09-16 12:17:28,247 INFO <KafkaConnection node_id=bootstrap-0 host=[::1:9094<-60597] broker_version=(3, 9) (connected)>: Connected
2026-09-16 12:17:28,254 INFO Updated metadata: ClusterMetadata(brokers: 1, topics: 0, coordinators: 0)
2026-09-16 12:17:28,254 INFO Bootstrap complete: ClusterMetadata(brokers: 1, topics: 0, coordinators: 0)
2026-09-16 12:17:28,254 INFO Closing bootstrap connection bootstrap-0
2026-09-16 12:17:28,254 INFO <KafkaTCPTransport [::1:9094<-60597]>: Closing transport
2026-09-16 12:17:28,254 INFO <KafkaConnection node_id=bootstrap-0 broker_version=(3, 9) (disconnected)>: Connection closed
2026-09-16 12:17:28,255 INFO Starting metadata refresh loop
2026-09-16 12:17:28,257 INFO Updating subscribed topics to: ('tickets',)
2026-09-16 12:17:28,257 INFO Listening on topic 'tickets' as group 'odoo-ticket-sync'...
2026-09-16 12:17:28,258 INFO Initializing connection for node_id 1 at localhost:9094 (rack=None)
2026-09-16 12:17:28,259 INFO <KafkaTCPTransport [::1:9094<-60598]>: connected to <socket.socket fd=1132, family=23, type=1, proto=0, laddr=('::1', 60598, 0, 0), raddr=('::1', 9094, 0, 0)>
2026-09-16 12:17:28,272 INFO <KafkaConnection node_id=1 host=[::1:9094<-60598] broker_version=(3, 9) (connected)>: Connected
2026-09-16 12:17:28,295 INFO Coordinator for GROUP/odoo-ticket-sync is MetadataResponseBroker(node_id='coordinator-1', host='localhost', port=9094, rack=None)
2026-09-16 12:17:28,296 INFO Discovered coordinator coordinator-1 for group odoo-ticket-sync
2026-09-16 12:17:28,296 INFO Initializing connection for node_id coordinator-1 at localhost:9094 (rack=None)
2026-09-16 12:17:28,297 INFO Revoking previously assigned partitions set() for group odoo-ticket-sync
2026-09-16 12:17:28,298 INFO <KafkaTCPTransport [::1:9094<-60599]>: connected to <socket.socket fd=1316, family=23, type=1, proto=0, laddr=('::1', 60599, 0, 0), raddr=('::1', 9094, 0, 0)>
2026-09-16 12:17:28,298 INFO (Re-)joining group odoo-ticket-sync
2026-09-16 12:17:28,305 INFO <KafkaConnection node_id=coordinator-1 host=[::1:9094<-60599] broker_version=(3, 9) (connected)>: Connected
2026-09-16 12:17:28,332 INFO Received member id kafka-python-3.0.11-29a2ab26-41b2-4fa3-b233-e03a1c8d57ab for group odoo-ticket-sync; will retry join-group
2026-09-16 12:17:28,332 INFO (Re-)joining group odoo-ticket-sync
2026-09-16 12:17:28,369 INFO Updated metadata: ClusterMetadata(brokers: 1, topics: 1, coordinators: 1)
2026-09-16 12:17:31,371 INFO Successfully joined group odoo-ticket-sync <Generation 10 (member_id: kafka-python-3.0.11-29a2ab26-41b2-4fa3-b233-e03a1c8d57ab, protocol: range)>
2026-09-16 12:17:31,371 INFO Elected group leader -- performing partition assignments using range
2026-09-16 12:17:31,377 INFO Updated metadata: ClusterMetadata(brokers: 1, topics: 1, coordinators: 1)
2026-09-16 12:17:31,398 INFO Updated partition assignment: [TopicPartition(topic='tickets', partition=0)]
2026-09-16 12:17:31,398 INFO Setting newly assigned partitions {TopicPartition(topic='tickets', partition=0)} for group odoo-ticket-sync
2026-09-16 12:17:45,991 WARNING No Odoo user mapped for assignedTo='shulamitebu@stlghana.com'
2026-09-16 12:17:46,153 ERROR Failed to process message at offset 75
Traceback (most recent call last):
  File "C:\Users\JasonAs\Pictures\Odoo-Kraken\kafka-sandbox\kraken_to_odoo_consumer.py", line 323, in run
    odoo.update_task(existing_task_id, odoo_fields)
    ~~~~~~~~~~~~~~~~^^^^^^^^^^^^^^^^^^^^^^^^^^^^^^^
  File "C:\Users\JasonAs\Pictures\Odoo-Kraken\kafka-sandbox\kraken_to_odoo_consumer.py", line 202, in update_task
    self._execute("project.task", "write", [task_id], values)
    ~~~~~~~~~~~~~^^^^^^^^^^^^^^^^^^^^^^^^^^^^^^^^^^^^^^^^^^^^
  File "C:\Users\JasonAs\Pictures\Odoo-Kraken\kafka-sandbox\kraken_to_odoo_consumer.py", line 172, in _execute
    return self.models.execute_kw(ODOO_DB, self.uid, ODOO_API_KEY, model, method, list(args))
           ~~~~~~~~~~~~~~~~~~~~~~^^^^^^^^^^^^^^^^^^^^^^^^^^^^^^^^^^^^^^^^^^^^^^^^^^^^^^^^^^^^
  File "C:\Program Files\WindowsApps\PythonSoftwareFoundation.Python.3.13_3.13.3824.0_x64__qbz5n2kfra8p0\Lib\xmlrpc\client.py", line 1096, in __call__
    return self.__send(self.__name, args)
           ~~~~~~~~~~~^^^^^^^^^^^^^^^^^^^
  File "C:\Program Files\WindowsApps\PythonSoftwareFoundation.Python.3.13_3.13.3824.0_x64__qbz5n2kfra8p0\Lib\xmlrpc\client.py", line 1435, in __request
    response = self.__transport.request(
        self.__host,
    ...<2 lines>...
        verbose=self.__verbose
        )
  File "C:\Program Files\WindowsApps\PythonSoftwareFoundation.Python.3.13_3.13.3824.0_x64__qbz5n2kfra8p0\Lib\xmlrpc\client.py", line 1140, in request
    return self.single_request(host, handler, request_body, verbose)
           ~~~~~~~~~~~~~~~~~~~^^^^^^^^^^^^^^^^^^^^^^^^^^^^^^^^^^^^^^
  File "C:\Program Files\WindowsApps\PythonSoftwareFoundation.Python.3.13_3.13.3824.0_x64__qbz5n2kfra8p0\Lib\xmlrpc\client.py", line 1156, in single_request
    return self.parse_response(resp)
           ~~~~~~~~~~~~~~~~~~~^^^^^^
  File "C:\Program Files\WindowsApps\PythonSoftwareFoundation.Python.3.13_3.13.3824.0_x64__qbz5n2kfra8p0\Lib\xmlrpc\client.py", line 1325, in parse_response
    return u.close()
           ~~~~~~~^^
  File "C:\Program Files\WindowsApps\PythonSoftwareFoundation.Python.3.13_3.13.3824.0_x64__qbz5n2kfra8p0\Lib\xmlrpc\client.py", line 642, in close
    raise Fault(**self._stack[0])
xmlrpc.client.Fault: <Fault 2: 'Record does not exist or has been deleted.\n(Record: project.task.type(103,), User: 14)'>
2026-09-16 12:17:50,598 WARNING No Odoo user mapped for assignedTo='shulamitebu@stlghana.com'
2026-09-16 12:17:50,832 ERROR Failed to process message at offset 76
Traceback (most recent call last):
  File "C:\Users\JasonAs\Pictures\Odoo-Kraken\kafka-sandbox\kraken_to_odoo_consumer.py", line 323, in run
    odoo.update_task(existing_task_id, odoo_fields)
    ~~~~~~~~~~~~~~~~^^^^^^^^^^^^^^^^^^^^^^^^^^^^^^^
  File "C:\Users\JasonAs\Pictures\Odoo-Kraken\kafka-sandbox\kraken_to_odoo_consumer.py", line 202, in update_task
    self._execute("project.task", "write", [task_id], values)
    ~~~~~~~~~~~~~^^^^^^^^^^^^^^^^^^^^^^^^^^^^^^^^^^^^^^^^^^^^
  File "C:\Users\JasonAs\Pictures\Odoo-Kraken\kafka-sandbox\kraken_to_odoo_consumer.py", line 172, in _execute
    return self.models.execute_kw(ODOO_DB, self.uid, ODOO_API_KEY, model, method, list(args))
           ~~~~~~~~~~~~~~~~~~~~~~^^^^^^^^^^^^^^^^^^^^^^^^^^^^^^^^^^^^^^^^^^^^^^^^^^^^^^^^^^^^
  File "C:\Program Files\WindowsApps\PythonSoftwareFoundation.Python.3.13_3.13.3824.0_x64__qbz5n2kfra8p0\Lib\xmlrpc\client.py", line 1096, in __call__
    return self.__send(self.__name, args)
           ~~~~~~~~~~~^^^^^^^^^^^^^^^^^^^
  File "C:\Program Files\WindowsApps\PythonSoftwareFoundation.Python.3.13_3.13.3824.0_x64__qbz5n2kfra8p0\Lib\xmlrpc\client.py", line 1435, in __request
    response = self.__transport.request(
        self.__host,
    ...<2 lines>...
        verbose=self.__verbose
        )
  File "C:\Program Files\WindowsApps\PythonSoftwareFoundation.Python.3.13_3.13.3824.0_x64__qbz5n2kfra8p0\Lib\xmlrpc\client.py", line 1140, in request
    return self.single_request(host, handler, request_body, verbose)
           ~~~~~~~~~~~~~~~~~~~^^^^^^^^^^^^^^^^^^^^^^^^^^^^^^^^^^^^^^
  File "C:\Program Files\WindowsApps\PythonSoftwareFoundation.Python.3.13_3.13.3824.0_x64__qbz5n2kfra8p0\Lib\xmlrpc\client.py", line 1156, in single_request
    return self.parse_response(resp)
           ~~~~~~~~~~~~~~~~~~~^^^^^^
  File "C:\Program Files\WindowsApps\PythonSoftwareFoundation.Python.3.13_3.13.3824.0_x64__qbz5n2kfra8p0\Lib\xmlrpc\client.py", line 1325, in parse_response
    return u.close()
           ~~~~~~~^^
  File "C:\Program Files\WindowsApps\PythonSoftwareFoundation.Python.3.13_3.13.3824.0_x64__qbz5n2kfra8p0\Lib\xmlrpc\client.py", line 642, in close
    raise Fault(**self._stack[0])
xmlrpc.client.Fault: <Fault 2: 'Record does not exist or has been deleted.\n(Record: project.task.type(107,), User: 14)'>
2026-09-16 12:22:31,822 INFO Updated metadata: ClusterMetadata(brokers: 1, topics: 1, coordinators: 1)
2026-09-16 12:22:32,030 WARNING Task <kafka.net.selector.Task object at 0x0000019D405BCE60> ran for 0.207s (>0.100s threshold). It is blocking the event loop -- likely a tight sync loop inside a coroutine. Other pollers will time out.
2026-09-16 12:27:31,884 INFO Updated metadata: ClusterMetadata(brokers: 1, topics: 1, coordinators: 1)
2026-09-16 12:32:31,919 INFO Updated metadata: ClusterMetadata(brokers: 1, topics: 1, coordinators: 1)
2026-09-16 12:37:31,946 INFO Updated metadata: ClusterMetadata(brokers: 1, topics: 1, coordinators: 1)
2026-09-16 12:42:32,368 INFO Updated metadata: ClusterMetadata(brokers: 1, topics: 1, coordinators: 1)
2026-09-16 12:47:32,482 INFO Updated metadata: ClusterMetadata(brokers: 1, topics: 1, coordinators: 1)
2026-09-16 12:52:32,508 INFO Updated metadata: ClusterMetadata(brokers: 1, topics: 1, coordinators: 1)
2026-09-16 12:57:32,845 INFO Updated metadata: ClusterMetadata(brokers: 1, topics: 1, coordinators: 1)
2026-09-16 13:02:33,290 INFO Updated metadata: ClusterMetadata(brokers: 1, topics: 1, coordinators: 1)
2026-09-16 13:07:33,727 INFO Updated metadata: ClusterMetadata(brokers: 1, topics: 1, coordinators: 1)
2026-09-16 13:12:34,156 INFO Updated metadata: ClusterMetadata(brokers: 1, topics: 1, coordinators: 1)
2026-09-16 13:17:34,262 INFO Updated metadata: ClusterMetadata(brokers: 1, topics: 1, coordinators: 1)
2026-09-16 13:22:34,665 INFO Updated metadata: ClusterMetadata(brokers: 1, topics: 1, coordinators: 1)
2026-09-16 13:27:35,058 INFO Updated metadata: ClusterMetadata(brokers: 1, topics: 1, coordinators: 1)
2026-09-16 13:32:35,498 INFO Updated metadata: ClusterMetadata(brokers: 1, topics: 1, coordinators: 1)
2026-09-16 13:37:35,936 INFO Updated metadata: ClusterMetadata(brokers: 1, topics: 1, coordinators: 1)
2026-09-16 13:42:36,374 INFO Updated metadata: ClusterMetadata(brokers: 1, topics: 1, coordinators: 1)
2026-09-16 13:47:36,701 INFO Updated metadata: ClusterMetadata(brokers: 1, topics: 1, coordinators: 1)
2026-09-16 13:52:36,716 INFO Updated metadata: ClusterMetadata(brokers: 1, topics: 1, coordinators: 1)
2026-09-16 13:57:38,610 INFO Updated metadata: ClusterMetadata(brokers: 1, topics: 1, coordinators: 1)
2026-09-16 14:41:12,305 INFO IO loop starting (client_id=kafka-python-3.0.11)
2026-09-16 14:41:12,306 INFO Attempting bootstrap to bootstrap-0 at localhost:9094 (rack None)
2026-09-16 14:41:12,306 INFO Initializing connection for node_id bootstrap-0 at localhost:9094 (rack=None)
2026-09-16 14:41:12,311 INFO <KafkaTCPTransport [::1:9094<-54282]>: connected to <socket.socket fd=1296, family=23, type=1, proto=0, laddr=('::1', 54282, 0, 0), raddr=('::1', 9094, 0, 0)>
2026-09-16 14:41:12,352 INFO <KafkaConnection node_id=bootstrap-0 host=[::1:9094<-54282] broker_version=unknown (initializing)>: Broker version identified as 3.9
2026-09-16 14:41:12,353 INFO <KafkaConnection node_id=bootstrap-0 host=[::1:9094<-54282] broker_version=(3, 9) (connected)>: Connected
2026-09-16 14:41:12,361 INFO Updated metadata: ClusterMetadata(brokers: 1, topics: 0, coordinators: 0)
2026-09-16 14:41:12,362 INFO Bootstrap complete: ClusterMetadata(brokers: 1, topics: 0, coordinators: 0)
2026-09-16 14:41:12,362 INFO Closing bootstrap connection bootstrap-0
2026-09-16 14:41:12,362 INFO <KafkaTCPTransport [::1:9094<-54282]>: Closing transport
2026-09-16 14:41:12,363 INFO <KafkaConnection node_id=bootstrap-0 broker_version=(3, 9) (disconnected)>: Connection closed
2026-09-16 14:41:12,363 INFO Starting metadata refresh loop
2026-09-16 14:41:12,365 INFO Updating subscribed topics to: ('tickets',)
2026-09-16 14:41:12,365 INFO Listening on topic 'tickets' as group 'odoo-ticket-sync'...
2026-09-16 14:41:12,366 INFO Initializing connection for node_id 1 at localhost:9094 (rack=None)
2026-09-16 14:41:12,368 INFO <KafkaTCPTransport [::1:9094<-54283]>: connected to <socket.socket fd=1168, family=23, type=1, proto=0, laddr=('::1', 54283, 0, 0), raddr=('::1', 9094, 0, 0)>
2026-09-16 14:41:12,376 INFO <KafkaConnection node_id=1 host=[::1:9094<-54283] broker_version=(3, 9) (connected)>: Connected
2026-09-16 14:41:12,384 INFO Coordinator for GROUP/odoo-ticket-sync is MetadataResponseBroker(node_id='coordinator-1', host='localhost', port=9094, rack=None)
2026-09-16 14:41:12,385 INFO Discovered coordinator coordinator-1 for group odoo-ticket-sync
2026-09-16 14:41:12,385 INFO Initializing connection for node_id coordinator-1 at localhost:9094 (rack=None)
2026-09-16 14:41:12,387 INFO <KafkaTCPTransport [::1:9094<-54284]>: connected to <socket.socket fd=1300, family=23, type=1, proto=0, laddr=('::1', 54284, 0, 0), raddr=('::1', 9094, 0, 0)>
2026-09-16 14:41:12,388 INFO Revoking previously assigned partitions set() for group odoo-ticket-sync
2026-09-16 14:41:12,388 INFO (Re-)joining group odoo-ticket-sync
2026-09-16 14:41:12,398 INFO <KafkaConnection node_id=coordinator-1 host=[::1:9094<-54284] broker_version=(3, 9) (connected)>: Connected
2026-09-16 14:41:12,416 INFO Received member id kafka-python-3.0.11-1dd77cf4-c66b-46e5-acb1-5246a699aca4 for group odoo-ticket-sync; will retry join-group
2026-09-16 14:41:12,417 INFO (Re-)joining group odoo-ticket-sync
2026-09-16 14:41:12,478 INFO Updated metadata: ClusterMetadata(brokers: 1, topics: 1, coordinators: 1)
2026-09-16 14:41:15,428 INFO Successfully joined group odoo-ticket-sync <Generation 12 (member_id: kafka-python-3.0.11-1dd77cf4-c66b-46e5-acb1-5246a699aca4, protocol: range)>
2026-09-16 14:41:15,429 INFO Elected group leader -- performing partition assignments using range
2026-09-16 14:41:15,434 INFO Updated metadata: ClusterMetadata(brokers: 1, topics: 1, coordinators: 1)
2026-09-16 14:41:15,445 INFO Updated partition assignment: [TopicPartition(topic='tickets', partition=0)]
2026-09-16 14:41:15,445 INFO Setting newly assigned partitions {TopicPartition(topic='tickets', partition=0)} for group odoo-ticket-sync
2026-09-16 14:41:38,041 WARNING No Odoo user mapped for assignedTo='jasonas'
2026-09-16 14:41:38,333 INFO Created Odoo task 13838 for ticket 201
2026-09-16 14:41:38,398 WARNING No Odoo user mapped for assignedTo='chrisbe'
2026-09-16 14:41:38,566 INFO Created Odoo task 13839 for ticket 202
2026-09-16 14:46:15,544 INFO Updated metadata: ClusterMetadata(brokers: 1, topics: 1, coordinators: 1)
2026-09-16 14:51:16,042 INFO Updated metadata: ClusterMetadata(brokers: 1, topics: 1, coordinators: 1)
2026-09-16 14:56:16,419 INFO Updated metadata: ClusterMetadata(brokers: 1, topics: 1, coordinators: 1)
2026-09-16 15:01:16,810 INFO Updated metadata: ClusterMetadata(brokers: 1, topics: 1, coordinators: 1)
2026-09-16 15:06:17,210 INFO Updated metadata: ClusterMetadata(brokers: 1, topics: 1, coordinators: 1)
2026-09-16 15:11:17,625 INFO Updated metadata: ClusterMetadata(brokers: 1, topics: 1, coordinators: 1)
2026-09-16 15:16:18,017 INFO Updated metadata: ClusterMetadata(brokers: 1, topics: 1, coordinators: 1)
2026-09-16 15:21:18,039 INFO Updated metadata: ClusterMetadata(brokers: 1, topics: 1, coordinators: 1)
2026-09-16 15:26:18,186 INFO Updated metadata: ClusterMetadata(brokers: 1, topics: 1, coordinators: 1)
2026-09-16 15:31:18,425 INFO Updated metadata: ClusterMetadata(brokers: 1, topics: 1, coordinators: 1)
2026-09-16 15:36:18,600 INFO Updated metadata: ClusterMetadata(brokers: 1, topics: 1, coordinators: 1)
2026-09-16 15:39:05,548 WARNING No Odoo user mapped for assignedTo='jasonas'
2026-09-16 15:39:05,731 ERROR Failed to process message at offset 79
Traceback (most recent call last):
  File "C:\Users\JasonAs\Pictures\Odoo-Kraken\kafka-sandbox\kraken_to_odoo_consumer.py", line 323, in run
    odoo_fields = transform_ticket(ticket, odoo)
        ^^^^^^^^^^^^^^^^^^^^^^^^^^^^^^^^^^^^^^^^
  File "C:\Users\JasonAs\Pictures\Odoo-Kraken\kafka-sandbox\kraken_to_odoo_consumer.py", line 202, in update_task
    return type_id
  File "C:\Users\JasonAs\Pictures\Odoo-Kraken\kafka-sandbox\kraken_to_odoo_consumer.py", line 172, in _execute
    self._project_id_cache = {}  # { project_name: project_id }
           ^^^^^^^^^^^^^^^^^^^^^^^^^^^^^^^^^^^^^^^^^^^^^^^^^^^^
  File "C:\Program Files\WindowsApps\PythonSoftwareFoundation.Python.3.13_3.13.3824.0_x64__qbz5n2kfra8p0\Lib\xmlrpc\client.py", line 1096, in __call__
    return self.__send(self.__name, args)
           ~~~~~~~~~~~^^^^^^^^^^^^^^^^^^^
  File "C:\Program Files\WindowsApps\PythonSoftwareFoundation.Python.3.13_3.13.3824.0_x64__qbz5n2kfra8p0\Lib\xmlrpc\client.py", line 1435, in __request
    response = self.__transport.request(
        self.__host,
    ...<2 lines>...
        verbose=self.__verbose
        )
  File "C:\Program Files\WindowsApps\PythonSoftwareFoundation.Python.3.13_3.13.3824.0_x64__qbz5n2kfra8p0\Lib\xmlrpc\client.py", line 1140, in request
    return self.single_request(host, handler, request_body, verbose)
           ~~~~~~~~~~~~~~~~~~~^^^^^^^^^^^^^^^^^^^^^^^^^^^^^^^^^^^^^^
  File "C:\Program Files\WindowsApps\PythonSoftwareFoundation.Python.3.13_3.13.3824.0_x64__qbz5n2kfra8p0\Lib\xmlrpc\client.py", line 1156, in single_request
    return self.parse_response(resp)
           ~~~~~~~~~~~~~~~~~~~^^^^^^
  File "C:\Program Files\WindowsApps\PythonSoftwareFoundation.Python.3.13_3.13.3824.0_x64__qbz5n2kfra8p0\Lib\xmlrpc\client.py", line 1325, in parse_response
    return u.close()
           ~~~~~~~^^
  File "C:\Program Files\WindowsApps\PythonSoftwareFoundation.Python.3.13_3.13.3824.0_x64__qbz5n2kfra8p0\Lib\xmlrpc\client.py", line 642, in close
    raise Fault(**self._stack[0])
xmlrpc.client.Fault: <Fault 2: 'Record does not exist or has been deleted.\n(Record: project.task(13838,), User: 14)'>
2026-09-16 15:39:05,777 WARNING No Odoo user mapped for assignedTo='chrisbe'
2026-09-16 15:39:05,875 ERROR Failed to process message at offset 80
Traceback (most recent call last):
  File "C:\Users\JasonAs\Pictures\Odoo-Kraken\kafka-sandbox\kraken_to_odoo_consumer.py", line 323, in run
    odoo_fields = transform_ticket(ticket, odoo)
        ^^^^^^^^^^^^^^^^^^^^^^^^^^^^^^^^^^^^^^^^
  File "C:\Users\JasonAs\Pictures\Odoo-Kraken\kafka-sandbox\kraken_to_odoo_consumer.py", line 202, in update_task
    return type_id
  File "C:\Users\JasonAs\Pictures\Odoo-Kraken\kafka-sandbox\kraken_to_odoo_consumer.py", line 172, in _execute
    self._project_id_cache = {}  # { project_name: project_id }
           ^^^^^^^^^^^^^^^^^^^^^^^^^^^^^^^^^^^^^^^^^^^^^^^^^^^^
  File "C:\Program Files\WindowsApps\PythonSoftwareFoundation.Python.3.13_3.13.3824.0_x64__qbz5n2kfra8p0\Lib\xmlrpc\client.py", line 1096, in __call__
    return self.__send(self.__name, args)
           ~~~~~~~~~~~^^^^^^^^^^^^^^^^^^^
  File "C:\Program Files\WindowsApps\PythonSoftwareFoundation.Python.3.13_3.13.3824.0_x64__qbz5n2kfra8p0\Lib\xmlrpc\client.py", line 1435, in __request
    response = self.__transport.request(
        self.__host,
    ...<2 lines>...
        verbose=self.__verbose
        )
  File "C:\Program Files\WindowsApps\PythonSoftwareFoundation.Python.3.13_3.13.3824.0_x64__qbz5n2kfra8p0\Lib\xmlrpc\client.py", line 1140, in request
    return self.single_request(host, handler, request_body, verbose)
           ~~~~~~~~~~~~~~~~~~~^^^^^^^^^^^^^^^^^^^^^^^^^^^^^^^^^^^^^^
  File "C:\Program Files\WindowsApps\PythonSoftwareFoundation.Python.3.13_3.13.3824.0_x64__qbz5n2kfra8p0\Lib\xmlrpc\client.py", line 1156, in single_request
    return self.parse_response(resp)
           ~~~~~~~~~~~~~~~~~~~^^^^^^
  File "C:\Program Files\WindowsApps\PythonSoftwareFoundation.Python.3.13_3.13.3824.0_x64__qbz5n2kfra8p0\Lib\xmlrpc\client.py", line 1325, in parse_response
    return u.close()
           ~~~~~~~^^
  File "C:\Program Files\WindowsApps\PythonSoftwareFoundation.Python.3.13_3.13.3824.0_x64__qbz5n2kfra8p0\Lib\xmlrpc\client.py", line 642, in close
    raise Fault(**self._stack[0])
xmlrpc.client.Fault: <Fault 2: 'Record does not exist or has been deleted.\n(Record: project.task(13839,), User: 14)'>
2026-09-16 15:39:37,224 INFO IO loop starting (client_id=kafka-python-3.0.11)
2026-09-16 15:39:37,224 INFO Attempting bootstrap to bootstrap-0 at localhost:9094 (rack None)
2026-09-16 15:39:37,224 INFO Initializing connection for node_id bootstrap-0 at localhost:9094 (rack=None)
2026-09-16 15:39:37,228 INFO <KafkaTCPTransport [::1:9094<-49802]>: connected to <socket.socket fd=1312, family=23, type=1, proto=0, laddr=('::1', 49802, 0, 0), raddr=('::1', 9094, 0, 0)>
2026-09-16 15:39:37,236 INFO <KafkaConnection node_id=bootstrap-0 host=[::1:9094<-49802] broker_version=unknown (initializing)>: Broker version identified as 3.9
2026-09-16 15:39:37,236 INFO <KafkaConnection node_id=bootstrap-0 host=[::1:9094<-49802] broker_version=(3, 9) (connected)>: Connected
2026-09-16 15:39:37,241 INFO Updated metadata: ClusterMetadata(brokers: 1, topics: 0, coordinators: 0)
2026-09-16 15:39:37,242 INFO Bootstrap complete: ClusterMetadata(brokers: 1, topics: 0, coordinators: 0)
2026-09-16 15:39:37,242 INFO Closing bootstrap connection bootstrap-0
2026-09-16 15:39:37,242 INFO <KafkaTCPTransport [::1:9094<-49802]>: Closing transport
2026-09-16 15:39:37,242 INFO <KafkaConnection node_id=bootstrap-0 broker_version=(3, 9) (disconnected)>: Connection closed
2026-09-16 15:39:37,243 INFO Starting metadata refresh loop
2026-09-16 15:39:37,244 INFO Updating subscribed topics to: ('tickets',)
2026-09-16 15:39:37,245 INFO Listening on topic 'tickets' as group 'odoo-ticket-sync'...
2026-09-16 15:39:37,245 INFO Initializing connection for node_id 1 at localhost:9094 (rack=None)
2026-09-16 15:39:37,246 INFO <KafkaTCPTransport [::1:9094<-49803]>: connected to <socket.socket fd=1312, family=23, type=1, proto=0, laddr=('::1', 49803, 0, 0), raddr=('::1', 9094, 0, 0)>
2026-09-16 15:39:37,254 INFO <KafkaConnection node_id=1 host=[::1:9094<-49803] broker_version=(3, 9) (connected)>: Connected
2026-09-16 15:39:37,257 INFO Coordinator for GROUP/odoo-ticket-sync is MetadataResponseBroker(node_id='coordinator-1', host='localhost', port=9094, rack=None)
2026-09-16 15:39:37,257 INFO Discovered coordinator coordinator-1 for group odoo-ticket-sync
2026-09-16 15:39:37,257 INFO Initializing connection for node_id coordinator-1 at localhost:9094 (rack=None)
2026-09-16 15:39:37,258 INFO <KafkaTCPTransport [::1:9094<-49804]>: connected to <socket.socket fd=1112, family=23, type=1, proto=0, laddr=('::1', 49804, 0, 0), raddr=('::1', 9094, 0, 0)>
2026-09-16 15:39:37,259 INFO Revoking previously assigned partitions set() for group odoo-ticket-sync
2026-09-16 15:39:37,259 INFO (Re-)joining group odoo-ticket-sync
2026-09-16 15:39:37,265 INFO <KafkaConnection node_id=coordinator-1 host=[::1:9094<-49804] broker_version=(3, 9) (connected)>: Connected
2026-09-16 15:39:37,270 INFO Received member id kafka-python-3.0.11-30bf28b6-fc64-4913-b6b7-6235ba08010a for group odoo-ticket-sync; will retry join-group
2026-09-16 15:39:37,270 INFO (Re-)joining group odoo-ticket-sync
2026-09-16 15:39:37,346 INFO Updated metadata: ClusterMetadata(brokers: 1, topics: 1, coordinators: 1)
2026-09-16 15:40:18,339 INFO Successfully joined group odoo-ticket-sync <Generation 13 (member_id: kafka-python-3.0.11-30bf28b6-fc64-4913-b6b7-6235ba08010a, protocol: range)>
2026-09-16 15:40:18,339 INFO Elected group leader -- performing partition assignments using range
2026-09-16 15:40:18,344 INFO Updated metadata: ClusterMetadata(brokers: 1, topics: 1, coordinators: 1)
2026-09-16 15:40:18,348 INFO Updated partition assignment: [TopicPartition(topic='tickets', partition=0)]
2026-09-16 15:40:18,348 INFO Setting newly assigned partitions {TopicPartition(topic='tickets', partition=0)} for group odoo-ticket-sync
2026-09-16 15:40:18,516 WARNING No Odoo user mapped for assignedTo='jasonas'
2026-09-16 15:40:18,653 ERROR Failed to process message at offset 81
Traceback (most recent call last):
  File "C:\Users\JasonAs\Pictures\Odoo-Kraken\kafka-sandbox\kraken_to_odoo_consumer.py", line 331, in run
    odoo.update_task(existing_task_id, odoo_fields)
    ~~~~~~~~~~~~~~~~^^^^^^^^^^^^^^^^^^^^^^^^^^^^^^^
  File "C:\Users\JasonAs\Pictures\Odoo-Kraken\kafka-sandbox\kraken_to_odoo_consumer.py", line 208, in update_task
    self._execute("project.task", "write", [task_id], values)
    ~~~~~~~~~~~~~^^^^^^^^^^^^^^^^^^^^^^^^^^^^^^^^^^^^^^^^^^^^
  File "C:\Users\JasonAs\Pictures\Odoo-Kraken\kafka-sandbox\kraken_to_odoo_consumer.py", line 177, in _execute
    return self.models.execute_kw(ODOO_DB, self.uid, ODOO_API_KEY, model, method, list(args), kwargs)
           ~~~~~~~~~~~~~~~~~~~~~~^^^^^^^^^^^^^^^^^^^^^^^^^^^^^^^^^^^^^^^^^^^^^^^^^^^^^^^^^^^^^^^^^^^^
  File "C:\Program Files\WindowsApps\PythonSoftwareFoundation.Python.3.13_3.13.3824.0_x64__qbz5n2kfra8p0\Lib\xmlrpc\client.py", line 1096, in __call__
    return self.__send(self.__name, args)
           ~~~~~~~~~~~^^^^^^^^^^^^^^^^^^^
  File "C:\Program Files\WindowsApps\PythonSoftwareFoundation.Python.3.13_3.13.3824.0_x64__qbz5n2kfra8p0\Lib\xmlrpc\client.py", line 1435, in __request
    response = self.__transport.request(
        self.__host,
    ...<2 lines>...
        verbose=self.__verbose
        )
  File "C:\Program Files\WindowsApps\PythonSoftwareFoundation.Python.3.13_3.13.3824.0_x64__qbz5n2kfra8p0\Lib\xmlrpc\client.py", line 1140, in request
    return self.single_request(host, handler, request_body, verbose)
           ~~~~~~~~~~~~~~~~~~~^^^^^^^^^^^^^^^^^^^^^^^^^^^^^^^^^^^^^^
  File "C:\Program Files\WindowsApps\PythonSoftwareFoundation.Python.3.13_3.13.3824.0_x64__qbz5n2kfra8p0\Lib\xmlrpc\client.py", line 1156, in single_request
    return self.parse_response(resp)
           ~~~~~~~~~~~~~~~~~~~^^^^^^
  File "C:\Program Files\WindowsApps\PythonSoftwareFoundation.Python.3.13_3.13.3824.0_x64__qbz5n2kfra8p0\Lib\xmlrpc\client.py", line 1325, in parse_response
    return u.close()
           ~~~~~~~^^
  File "C:\Program Files\WindowsApps\PythonSoftwareFoundation.Python.3.13_3.13.3824.0_x64__qbz5n2kfra8p0\Lib\xmlrpc\client.py", line 642, in close
    raise Fault(**self._stack[0])
xmlrpc.client.Fault: <Fault 2: 'Record does not exist or has been deleted.\n(Record: project.task(13838,), User: 14)'>
2026-09-16 15:40:18,719 WARNING No Odoo user mapped for assignedTo='chrisbe'
2026-09-16 15:40:18,830 ERROR Failed to process message at offset 82
Traceback (most recent call last):
  File "C:\Users\JasonAs\Pictures\Odoo-Kraken\kafka-sandbox\kraken_to_odoo_consumer.py", line 331, in run
    odoo.update_task(existing_task_id, odoo_fields)
    ~~~~~~~~~~~~~~~~^^^^^^^^^^^^^^^^^^^^^^^^^^^^^^^
  File "C:\Users\JasonAs\Pictures\Odoo-Kraken\kafka-sandbox\kraken_to_odoo_consumer.py", line 208, in update_task
    self._execute("project.task", "write", [task_id], values)
    ~~~~~~~~~~~~~^^^^^^^^^^^^^^^^^^^^^^^^^^^^^^^^^^^^^^^^^^^^
  File "C:\Users\JasonAs\Pictures\Odoo-Kraken\kafka-sandbox\kraken_to_odoo_consumer.py", line 177, in _execute
    return self.models.execute_kw(ODOO_DB, self.uid, ODOO_API_KEY, model, method, list(args), kwargs)
           ~~~~~~~~~~~~~~~~~~~~~~^^^^^^^^^^^^^^^^^^^^^^^^^^^^^^^^^^^^^^^^^^^^^^^^^^^^^^^^^^^^^^^^^^^^
  File "C:\Program Files\WindowsApps\PythonSoftwareFoundation.Python.3.13_3.13.3824.0_x64__qbz5n2kfra8p0\Lib\xmlrpc\client.py", line 1096, in __call__
    return self.__send(self.__name, args)
           ~~~~~~~~~~~^^^^^^^^^^^^^^^^^^^
  File "C:\Program Files\WindowsApps\PythonSoftwareFoundation.Python.3.13_3.13.3824.0_x64__qbz5n2kfra8p0\Lib\xmlrpc\client.py", line 1435, in __request
    response = self.__transport.request(
        self.__host,
    ...<2 lines>...
        verbose=self.__verbose
        )
  File "C:\Program Files\WindowsApps\PythonSoftwareFoundation.Python.3.13_3.13.3824.0_x64__qbz5n2kfra8p0\Lib\xmlrpc\client.py", line 1140, in request
    return self.single_request(host, handler, request_body, verbose)
           ~~~~~~~~~~~~~~~~~~~^^^^^^^^^^^^^^^^^^^^^^^^^^^^^^^^^^^^^^
  File "C:\Program Files\WindowsApps\PythonSoftwareFoundation.Python.3.13_3.13.3824.0_x64__qbz5n2kfra8p0\Lib\xmlrpc\client.py", line 1156, in single_request
    return self.parse_response(resp)
           ~~~~~~~~~~~~~~~~~~~^^^^^^
  File "C:\Program Files\WindowsApps\PythonSoftwareFoundation.Python.3.13_3.13.3824.0_x64__qbz5n2kfra8p0\Lib\xmlrpc\client.py", line 1325, in parse_response
    return u.close()
           ~~~~~~~^^
  File "C:\Program Files\WindowsApps\PythonSoftwareFoundation.Python.3.13_3.13.3824.0_x64__qbz5n2kfra8p0\Lib\xmlrpc\client.py", line 642, in close
    raise Fault(**self._stack[0])
xmlrpc.client.Fault: <Fault 2: 'Record does not exist or has been deleted.\n(Record: project.task(13839,), User: 14)'>
2026-09-16 15:42:40,635 INFO IO loop starting (client_id=kafka-python-3.0.11)
2026-09-16 15:42:40,636 INFO Attempting bootstrap to bootstrap-0 at localhost:9094 (rack None)
2026-09-16 15:42:40,636 INFO Initializing connection for node_id bootstrap-0 at localhost:9094 (rack=None)
2026-09-16 15:42:40,642 INFO <KafkaTCPTransport [::1:9094<-64514]>: connected to <socket.socket fd=1292, family=23, type=1, proto=0, laddr=('::1', 64514, 0, 0), raddr=('::1', 9094, 0, 0)>
2026-09-16 15:42:40,649 INFO <KafkaConnection node_id=bootstrap-0 host=[::1:9094<-64514] broker_version=unknown (initializing)>: Broker version identified as 3.9
2026-09-16 15:42:40,649 INFO <KafkaConnection node_id=bootstrap-0 host=[::1:9094<-64514] broker_version=(3, 9) (connected)>: Connected
2026-09-16 15:42:40,656 INFO Updated metadata: ClusterMetadata(brokers: 1, topics: 0, coordinators: 0)
2026-09-16 15:42:40,656 INFO Bootstrap complete: ClusterMetadata(brokers: 1, topics: 0, coordinators: 0)
2026-09-16 15:42:40,656 INFO Closing bootstrap connection bootstrap-0
2026-09-16 15:42:40,657 INFO <KafkaTCPTransport [::1:9094<-64514]>: Closing transport
2026-09-16 15:42:40,657 INFO <KafkaConnection node_id=bootstrap-0 broker_version=(3, 9) (disconnected)>: Connection closed
2026-09-16 15:42:40,657 INFO Starting metadata refresh loop
2026-09-16 15:42:40,659 INFO Updating subscribed topics to: ('tickets',)
2026-09-16 15:42:40,660 INFO Listening on topic 'tickets' as group 'odoo-ticket-sync'...
2026-09-16 15:42:40,660 INFO Initializing connection for node_id 1 at localhost:9094 (rack=None)
2026-09-16 15:42:40,661 INFO <KafkaTCPTransport [::1:9094<-64515]>: connected to <socket.socket fd=1148, family=23, type=1, proto=0, laddr=('::1', 64515, 0, 0), raddr=('::1', 9094, 0, 0)>
2026-09-16 15:42:40,668 INFO <KafkaConnection node_id=1 host=[::1:9094<-64515] broker_version=(3, 9) (connected)>: Connected
2026-09-16 15:42:40,672 INFO Coordinator for GROUP/odoo-ticket-sync is MetadataResponseBroker(node_id='coordinator-1', host='localhost', port=9094, rack=None)
2026-09-16 15:42:40,672 INFO Discovered coordinator coordinator-1 for group odoo-ticket-sync
2026-09-16 15:42:40,672 INFO Initializing connection for node_id coordinator-1 at localhost:9094 (rack=None)
2026-09-16 15:42:40,673 INFO <KafkaTCPTransport [::1:9094<-64516]>: connected to <socket.socket fd=1304, family=23, type=1, proto=0, laddr=('::1', 64516, 0, 0), raddr=('::1', 9094, 0, 0)>
2026-09-16 15:42:40,674 INFO Revoking previously assigned partitions set() for group odoo-ticket-sync
2026-09-16 15:42:40,675 INFO (Re-)joining group odoo-ticket-sync
2026-09-16 15:42:40,682 INFO <KafkaConnection node_id=coordinator-1 host=[::1:9094<-64516] broker_version=(3, 9) (connected)>: Connected
2026-09-16 15:42:40,686 INFO Received member id kafka-python-3.0.11-44b8eadc-991c-4a43-941a-fba1827f1717 for group odoo-ticket-sync; will retry join-group
2026-09-16 15:42:40,687 INFO (Re-)joining group odoo-ticket-sync
2026-09-16 15:42:40,768 INFO Updated metadata: ClusterMetadata(brokers: 1, topics: 1, coordinators: 1)
2026-09-16 15:43:03,629 INFO Successfully joined group odoo-ticket-sync <Generation 14 (member_id: kafka-python-3.0.11-44b8eadc-991c-4a43-941a-fba1827f1717, protocol: range)>
2026-09-16 15:43:03,629 INFO Elected group leader -- performing partition assignments using range
2026-09-16 15:43:03,634 INFO Updated metadata: ClusterMetadata(brokers: 1, topics: 1, coordinators: 1)
2026-09-16 15:43:03,635 INFO Updated partition assignment: [TopicPartition(topic='tickets', partition=0)]
2026-09-16 15:43:03,636 INFO Setting newly assigned partitions {TopicPartition(topic='tickets', partition=0)} for group odoo-ticket-sync
2026-09-16 15:44:00,394 WARNING No Odoo user mapped for assignedTo='jasonas'
2026-09-16 15:44:00,586 INFO Created Odoo task 13840 for ticket 201
2026-09-16 15:44:00,652 WARNING No Odoo user mapped for assignedTo='chrisbe'
2026-09-16 15:44:01,100 INFO Created Odoo task 13841 for ticket 202
2026-09-16 15:48:04,082 INFO Updated metadata: ClusterMetadata(brokers: 1, topics: 1, coordinators: 1)
2026-09-16 15:53:04,194 INFO Updated metadata: ClusterMetadata(brokers: 1, topics: 1, coordinators: 1)
2026-09-16 15:58:04,242 INFO Updated metadata: ClusterMetadata(brokers: 1, topics: 1, coordinators: 1)
2026-09-16 16:00:27,640 INFO IO loop starting (client_id=kafka-python-3.0.11)
2026-09-16 16:00:27,641 INFO Attempting bootstrap to bootstrap-0 at localhost:9094 (rack None)
2026-09-16 16:00:27,641 INFO Initializing connection for node_id bootstrap-0 at localhost:9094 (rack=None)
2026-09-16 16:00:27,644 INFO <KafkaTCPTransport [::1:9094<-62187]>: connected to <socket.socket fd=1176, family=23, type=1, proto=0, laddr=('::1', 62187, 0, 0), raddr=('::1', 9094, 0, 0)>
2026-09-16 16:00:27,650 INFO <KafkaConnection node_id=bootstrap-0 host=[::1:9094<-62187] broker_version=unknown (initializing)>: Broker version identified as 3.9
2026-09-16 16:00:27,650 INFO <KafkaConnection node_id=bootstrap-0 host=[::1:9094<-62187] broker_version=(3, 9) (connected)>: Connected
2026-09-16 16:00:27,655 INFO Updated metadata: ClusterMetadata(brokers: 1, topics: 0, coordinators: 0)
2026-09-16 16:00:27,655 INFO Bootstrap complete: ClusterMetadata(brokers: 1, topics: 0, coordinators: 0)
2026-09-16 16:00:27,656 INFO Closing bootstrap connection bootstrap-0
2026-09-16 16:00:27,656 INFO <KafkaTCPTransport [::1:9094<-62187]>: Closing transport
2026-09-16 16:00:27,656 INFO <KafkaConnection node_id=bootstrap-0 broker_version=(3, 9) (disconnected)>: Connection closed
2026-09-16 16:00:27,656 INFO Starting metadata refresh loop
2026-09-16 16:00:27,658 INFO Updating subscribed topics to: ('tickets',)
2026-09-16 16:00:27,659 INFO Listening on topic 'tickets' as group 'odoo-ticket-sync'...
2026-09-16 16:00:27,659 INFO Initializing connection for node_id 1 at localhost:9094 (rack=None)
2026-09-16 16:00:27,682 INFO <KafkaTCPTransport [::1:9094<-62188]>: connected to <socket.socket fd=1176, family=23, type=1, proto=0, laddr=('::1', 62188, 0, 0), raddr=('::1', 9094, 0, 0)>
2026-09-16 16:00:27,685 INFO <KafkaConnection node_id=1 host=[::1:9094<-62188] broker_version=(3, 9) (connected)>: Connected
2026-09-16 16:00:27,688 INFO Coordinator for GROUP/odoo-ticket-sync is MetadataResponseBroker(node_id='coordinator-1', host='localhost', port=9094, rack=None)
2026-09-16 16:00:27,688 INFO Discovered coordinator coordinator-1 for group odoo-ticket-sync
2026-09-16 16:00:27,688 INFO Initializing connection for node_id coordinator-1 at localhost:9094 (rack=None)
2026-09-16 16:00:27,690 INFO Revoking previously assigned partitions set() for group odoo-ticket-sync
2026-09-16 16:00:27,690 INFO <KafkaTCPTransport [::1:9094<-62189]>: connected to <socket.socket fd=1316, family=23, type=1, proto=0, laddr=('::1', 62189, 0, 0), raddr=('::1', 9094, 0, 0)>
2026-09-16 16:00:27,691 INFO (Re-)joining group odoo-ticket-sync
2026-09-16 16:00:27,695 INFO <KafkaConnection node_id=coordinator-1 host=[::1:9094<-62189] broker_version=(3, 9) (connected)>: Connected
2026-09-16 16:00:27,702 INFO Received member id kafka-python-3.0.11-0a675182-596d-4317-8acc-00d6283db019 for group odoo-ticket-sync; will retry join-group
2026-09-16 16:00:27,702 INFO (Re-)joining group odoo-ticket-sync
2026-09-16 16:00:27,761 INFO Updated metadata: ClusterMetadata(brokers: 1, topics: 1, coordinators: 1)
2026-09-16 16:00:57,510 INFO Successfully joined group odoo-ticket-sync <Generation 15 (member_id: kafka-python-3.0.11-0a675182-596d-4317-8acc-00d6283db019, protocol: range)>
2026-09-16 16:00:57,511 INFO Elected group leader -- performing partition assignments using range
2026-09-16 16:00:57,517 INFO Updated metadata: ClusterMetadata(brokers: 1, topics: 1, coordinators: 1)
2026-09-16 16:00:57,519 INFO Updated partition assignment: [TopicPartition(topic='tickets', partition=0)]
2026-09-16 16:00:57,520 INFO Setting newly assigned partitions {TopicPartition(topic='tickets', partition=0)} for group odoo-ticket-sync
2026-09-16 16:00:59,007 WARNING Failed to search Odoo for user 'jasonas': <Fault 1: 'Traceback (most recent call last):\n  File "/usr/lib/python3/dist-packages/odoo/addons/rpc/controllers/xmlrpc.py", line 162, in xmlrpc_2\n    response = self._xmlrpc(service)\n               ^^^^^^^^^^^^^^^^^^^^^\n  File "/usr/lib/python3/dist-packages/odoo/addons/rpc/controllers/xmlrpc.py", line 134, in _xmlrpc\n    result = dispatch_rpc(service, method, params)\n             ^^^^^^^^^^^^^^^^^^^^^^^^^^^^^^^^^^^^^\n  File "/usr/lib/python3/dist-packages/odoo/http.py", line 446, in dispatch_rpc\n    return dispatch(method, params)\n           ^^^^^^^^^^^^^^^^^^^^^^^^\n  File "/usr/lib/python3/dist-packages/odoo/service/model.py", line 133, in dispatch\n    res = execute_cr(cr, uid, model, method_, args, kw)\n          ^^^^^^^^^^^^^^^^^^^^^^^^^^^^^^^^^^^^^^^^^^^^^\n  File "/usr/lib/python3/dist-packages/odoo/service/model.py", line 150, in execute_cr\n    result = retrying(partial(call_kw, recs, method, args, kw), env)\n             ^^^^^^^^^^^^^^^^^^^^^^^^^^^^^^^^^^^^^^^^^^^^^^^^^^^^^^^\n  File "/usr/lib/python3/dist-packages/odoo/service/model.py", line 188, in retrying\n    result = func()\n             ^^^^^^\n  File "/usr/lib/python3/dist-packages/odoo/service/model.py", line 97, in call_kw\n    result = method(recs, *args, **kwargs)\n             ^^^^^^^^^^^^^^^^^^^^^^^^^^^^^\n  File "/usr/lib/python3/dist-packages/odoo/orm/models.py", line 1378, in search\n    return self.search_fetch(domain, [], offset=offset, limit=limit, order=order)\n           ^^^^^^^^^^^^^^^^^^^^^^^^^^^^^^^^^^^^^^^^^^^^^^^^^^^^^^^^^^^^^^^^^^^^^^\n  File "/usr/lib/python3/dist-packages/odoo/orm/models.py", line 1408, in search_fetch\n    query = self._search(domain, offset=offset, limit=limit, order=order or self._order)\n            ^^^^^^^^^^^^^^^^^^^^^^^^^^^^^^^^^^^^^^^^^^^^^^^^^^^^^^^^^^^^^^^^^^^^^^^^^^^^\n  File "/usr/lib/python3/dist-packages/odoo/orm/models.py", line 5353, in _search\n    domain = Domain(domain)\n             ^^^^^^^^^^^^^^\n  File "/usr/lib/python3/dist-packages/odoo/orm/domains.py", line 269, in __new__\n    raise ValueError(f"Domain() invalid item in domain: {item!r}")\nValueError: Domain() invalid item in domain: [\'|\', \'|\', [\'login\', \'=ilike\', \'jasonas\'], [\'email\', \'=ilike\', \'jasonas\'], [\'name\', \'=ilike\', \'jasonas\']]\n'>
2026-09-16 16:00:59,007 WARNING No Odoo user found for assignedTo='jasonas'
2026-09-16 16:01:00,071 WARNING Failed to search Odoo for user 'system': <Fault 1: 'Traceback (most recent call last):\n  File "/usr/lib/python3/dist-packages/odoo/addons/rpc/controllers/xmlrpc.py", line 162, in xmlrpc_2\n    response = self._xmlrpc(service)\n               ^^^^^^^^^^^^^^^^^^^^^\n  File "/usr/lib/python3/dist-packages/odoo/addons/rpc/controllers/xmlrpc.py", line 134, in _xmlrpc\n    result = dispatch_rpc(service, method, params)\n             ^^^^^^^^^^^^^^^^^^^^^^^^^^^^^^^^^^^^^\n  File "/usr/lib/python3/dist-packages/odoo/http.py", line 446, in dispatch_rpc\n    return dispatch(method, params)\n           ^^^^^^^^^^^^^^^^^^^^^^^^\n  File "/usr/lib/python3/dist-packages/odoo/service/model.py", line 133, in dispatch\n    res = execute_cr(cr, uid, model, method_, args, kw)\n          ^^^^^^^^^^^^^^^^^^^^^^^^^^^^^^^^^^^^^^^^^^^^^\n  File "/usr/lib/python3/dist-packages/odoo/service/model.py", line 150, in execute_cr\n    result = retrying(partial(call_kw, recs, method, args, kw), env)\n             ^^^^^^^^^^^^^^^^^^^^^^^^^^^^^^^^^^^^^^^^^^^^^^^^^^^^^^^\n  File "/usr/lib/python3/dist-packages/odoo/service/model.py", line 188, in retrying\n    result = func()\n             ^^^^^^\n  File "/usr/lib/python3/dist-packages/odoo/service/model.py", line 97, in call_kw\n    result = method(recs, *args, **kwargs)\n             ^^^^^^^^^^^^^^^^^^^^^^^^^^^^^\n  File "/usr/lib/python3/dist-packages/odoo/orm/models.py", line 1378, in search\n    return self.search_fetch(domain, [], offset=offset, limit=limit, order=order)\n           ^^^^^^^^^^^^^^^^^^^^^^^^^^^^^^^^^^^^^^^^^^^^^^^^^^^^^^^^^^^^^^^^^^^^^^\n  File "/usr/lib/python3/dist-packages/odoo/orm/models.py", line 1408, in search_fetch\n    query = self._search(domain, offset=offset, limit=limit, order=order or self._order)\n            ^^^^^^^^^^^^^^^^^^^^^^^^^^^^^^^^^^^^^^^^^^^^^^^^^^^^^^^^^^^^^^^^^^^^^^^^^^^^\n  File "/usr/lib/python3/dist-packages/odoo/orm/models.py", line 5353, in _search\n    domain = Domain(domain)\n             ^^^^^^^^^^^^^^\n  File "/usr/lib/python3/dist-packages/odoo/orm/domains.py", line 269, in __new__\n    raise ValueError(f"Domain() invalid item in domain: {item!r}")\nValueError: Domain() invalid item in domain: [\'|\', \'|\', [\'login\', \'=ilike\', \'system\'], [\'email\', \'=ilike\', \'system\'], [\'name\', \'=ilike\', \'system\']]\n'>
2026-09-16 16:01:00,237 INFO Created Odoo task 13842 for ticket 201
2026-09-16 16:01:00,331 WARNING Failed to search Odoo for user 'chrisbe': <Fault 1: 'Traceback (most recent call last):\n  File "/usr/lib/python3/dist-packages/odoo/addons/rpc/controllers/xmlrpc.py", line 162, in xmlrpc_2\n    response = self._xmlrpc(service)\n               ^^^^^^^^^^^^^^^^^^^^^\n  File "/usr/lib/python3/dist-packages/odoo/addons/rpc/controllers/xmlrpc.py", line 134, in _xmlrpc\n    result = dispatch_rpc(service, method, params)\n             ^^^^^^^^^^^^^^^^^^^^^^^^^^^^^^^^^^^^^\n  File "/usr/lib/python3/dist-packages/odoo/http.py", line 446, in dispatch_rpc\n    return dispatch(method, params)\n           ^^^^^^^^^^^^^^^^^^^^^^^^\n  File "/usr/lib/python3/dist-packages/odoo/service/model.py", line 133, in dispatch\n    res = execute_cr(cr, uid, model, method_, args, kw)\n          ^^^^^^^^^^^^^^^^^^^^^^^^^^^^^^^^^^^^^^^^^^^^^\n  File "/usr/lib/python3/dist-packages/odoo/service/model.py", line 150, in execute_cr\n    result = retrying(partial(call_kw, recs, method, args, kw), env)\n             ^^^^^^^^^^^^^^^^^^^^^^^^^^^^^^^^^^^^^^^^^^^^^^^^^^^^^^^\n  File "/usr/lib/python3/dist-packages/odoo/service/model.py", line 188, in retrying\n    result = func()\n             ^^^^^^\n  File "/usr/lib/python3/dist-packages/odoo/service/model.py", line 97, in call_kw\n    result = method(recs, *args, **kwargs)\n             ^^^^^^^^^^^^^^^^^^^^^^^^^^^^^\n  File "/usr/lib/python3/dist-packages/odoo/orm/models.py", line 1378, in search\n    return self.search_fetch(domain, [], offset=offset, limit=limit, order=order)\n           ^^^^^^^^^^^^^^^^^^^^^^^^^^^^^^^^^^^^^^^^^^^^^^^^^^^^^^^^^^^^^^^^^^^^^^\n  File "/usr/lib/python3/dist-packages/odoo/orm/models.py", line 1408, in search_fetch\n    query = self._search(domain, offset=offset, limit=limit, order=order or self._order)\n            ^^^^^^^^^^^^^^^^^^^^^^^^^^^^^^^^^^^^^^^^^^^^^^^^^^^^^^^^^^^^^^^^^^^^^^^^^^^^\n  File "/usr/lib/python3/dist-packages/odoo/orm/models.py", line 5353, in _search\n    domain = Domain(domain)\n             ^^^^^^^^^^^^^^\n  File "/usr/lib/python3/dist-packages/odoo/orm/domains.py", line 269, in __new__\n    raise ValueError(f"Domain() invalid item in domain: {item!r}")\nValueError: Domain() invalid item in domain: [\'|\', \'|\', [\'login\', \'=ilike\', \'chrisbe\'], [\'email\', \'=ilike\', \'chrisbe\'], [\'name\', \'=ilike\', \'chrisbe\']]\n'>
2026-09-16 16:01:00,331 WARNING No Odoo user found for assignedTo='chrisbe'
2026-09-16 16:01:00,715 INFO Created Odoo task 13843 for ticket 202
2026-09-16 16:04:38,410 INFO IO loop starting (client_id=kafka-python-3.0.11)
2026-09-16 16:04:38,411 INFO Attempting bootstrap to bootstrap-0 at localhost:9094 (rack None)
2026-09-16 16:04:38,411 INFO Initializing connection for node_id bootstrap-0 at localhost:9094 (rack=None)
2026-09-16 16:04:38,416 INFO <KafkaTCPTransport [::1:9094<-64935]>: connected to <socket.socket fd=1328, family=23, type=1, proto=0, laddr=('::1', 64935, 0, 0), raddr=('::1', 9094, 0, 0)>
2026-09-16 16:04:38,423 INFO <KafkaConnection node_id=bootstrap-0 host=[::1:9094<-64935] broker_version=unknown (initializing)>: Broker version identified as 3.9
2026-09-16 16:04:38,423 INFO <KafkaConnection node_id=bootstrap-0 host=[::1:9094<-64935] broker_version=(3, 9) (connected)>: Connected
2026-09-16 16:04:38,430 INFO Updated metadata: ClusterMetadata(brokers: 1, topics: 0, coordinators: 0)
2026-09-16 16:04:38,430 INFO Bootstrap complete: ClusterMetadata(brokers: 1, topics: 0, coordinators: 0)
2026-09-16 16:04:38,431 INFO Closing bootstrap connection bootstrap-0
2026-09-16 16:04:38,431 INFO <KafkaTCPTransport [::1:9094<-64935]>: Closing transport
2026-09-16 16:04:38,431 INFO <KafkaConnection node_id=bootstrap-0 broker_version=(3, 9) (disconnected)>: Connection closed
2026-09-16 16:04:38,431 INFO Starting metadata refresh loop
2026-09-16 16:04:38,433 INFO Updating subscribed topics to: ('tickets',)
2026-09-16 16:04:38,433 INFO Listening on topic 'tickets' as group 'odoo-ticket-sync'...
2026-09-16 16:04:38,434 INFO Initializing connection for node_id 1 at localhost:9094 (rack=None)
2026-09-16 16:04:38,435 INFO <KafkaTCPTransport [::1:9094<-64936]>: connected to <socket.socket fd=1332, family=23, type=1, proto=0, laddr=('::1', 64936, 0, 0), raddr=('::1', 9094, 0, 0)>
2026-09-16 16:04:38,439 INFO <KafkaConnection node_id=1 host=[::1:9094<-64936] broker_version=(3, 9) (connected)>: Connected
2026-09-16 16:04:38,442 INFO Coordinator for GROUP/odoo-ticket-sync is MetadataResponseBroker(node_id='coordinator-1', host='localhost', port=9094, rack=None)
2026-09-16 16:04:38,442 INFO Discovered coordinator coordinator-1 for group odoo-ticket-sync
2026-09-16 16:04:38,442 INFO Initializing connection for node_id coordinator-1 at localhost:9094 (rack=None)
2026-09-16 16:04:38,444 INFO Revoking previously assigned partitions set() for group odoo-ticket-sync
2026-09-16 16:04:38,444 INFO <KafkaTCPTransport [::1:9094<-64937]>: connected to <socket.socket fd=1336, family=23, type=1, proto=0, laddr=('::1', 64937, 0, 0), raddr=('::1', 9094, 0, 0)>
2026-09-16 16:04:38,445 INFO (Re-)joining group odoo-ticket-sync
2026-09-16 16:04:38,450 INFO <KafkaConnection node_id=coordinator-1 host=[::1:9094<-64937] broker_version=(3, 9) (connected)>: Connected
2026-09-16 16:04:38,453 INFO Received member id kafka-python-3.0.11-eb8fa1dd-69bf-4b5b-a366-b0f290adf9ff for group odoo-ticket-sync; will retry join-group
2026-09-16 16:04:38,454 INFO (Re-)joining group odoo-ticket-sync
2026-09-16 16:04:38,539 INFO Updated metadata: ClusterMetadata(brokers: 1, topics: 1, coordinators: 1)
2026-09-16 16:05:02,859 INFO Successfully joined group odoo-ticket-sync <Generation 16 (member_id: kafka-python-3.0.11-eb8fa1dd-69bf-4b5b-a366-b0f290adf9ff, protocol: range)>
2026-09-16 16:05:02,859 INFO Elected group leader -- performing partition assignments using range
2026-09-16 16:05:02,864 INFO Updated metadata: ClusterMetadata(brokers: 1, topics: 1, coordinators: 1)
2026-09-16 16:05:02,865 INFO Updated partition assignment: [TopicPartition(topic='tickets', partition=0)]
2026-09-16 16:05:02,865 INFO Setting newly assigned partitions {TopicPartition(topic='tickets', partition=0)} for group odoo-ticket-sync
2026-09-16 16:05:19,845 WARNING Failed to search Odoo for user 'jasonas': <Fault 1: 'Traceback (most recent call last):\n  File "/usr/lib/python3/dist-packages/odoo/addons/rpc/controllers/xmlrpc.py", line 162, in xmlrpc_2\n    response = self._xmlrpc(service)\n               ^^^^^^^^^^^^^^^^^^^^^\n  File "/usr/lib/python3/dist-packages/odoo/addons/rpc/controllers/xmlrpc.py", line 134, in _xmlrpc\n    result = dispatch_rpc(service, method, params)\n             ^^^^^^^^^^^^^^^^^^^^^^^^^^^^^^^^^^^^^\n  File "/usr/lib/python3/dist-packages/odoo/http.py", line 446, in dispatch_rpc\n    return dispatch(method, params)\n           ^^^^^^^^^^^^^^^^^^^^^^^^\n  File "/usr/lib/python3/dist-packages/odoo/service/model.py", line 133, in dispatch\n    res = execute_cr(cr, uid, model, method_, args, kw)\n          ^^^^^^^^^^^^^^^^^^^^^^^^^^^^^^^^^^^^^^^^^^^^^\n  File "/usr/lib/python3/dist-packages/odoo/service/model.py", line 150, in execute_cr\n    result = retrying(partial(call_kw, recs, method, args, kw), env)\n             ^^^^^^^^^^^^^^^^^^^^^^^^^^^^^^^^^^^^^^^^^^^^^^^^^^^^^^^\n  File "/usr/lib/python3/dist-packages/odoo/service/model.py", line 188, in retrying\n    result = func()\n             ^^^^^^\n  File "/usr/lib/python3/dist-packages/odoo/service/model.py", line 97, in call_kw\n    result = method(recs, *args, **kwargs)\n             ^^^^^^^^^^^^^^^^^^^^^^^^^^^^^\n  File "/usr/lib/python3/dist-packages/odoo/orm/models.py", line 1378, in search\n    return self.search_fetch(domain, [], offset=offset, limit=limit, order=order)\n           ^^^^^^^^^^^^^^^^^^^^^^^^^^^^^^^^^^^^^^^^^^^^^^^^^^^^^^^^^^^^^^^^^^^^^^\n  File "/usr/lib/python3/dist-packages/odoo/orm/models.py", line 1408, in search_fetch\n    query = self._search(domain, offset=offset, limit=limit, order=order or self._order)\n            ^^^^^^^^^^^^^^^^^^^^^^^^^^^^^^^^^^^^^^^^^^^^^^^^^^^^^^^^^^^^^^^^^^^^^^^^^^^^\n  File "/usr/lib/python3/dist-packages/odoo/orm/models.py", line 5353, in _search\n    domain = Domain(domain)\n             ^^^^^^^^^^^^^^\n  File "/usr/lib/python3/dist-packages/odoo/orm/domains.py", line 269, in __new__\n    raise ValueError(f"Domain() invalid item in domain: {item!r}")\nValueError: Domain() invalid item in domain: [\'|\', [\'login\', \'ilike\', \'jasonas\'], \'|\', [\'email\', \'ilike\', \'jasonas\'], [\'name\', \'ilike\', \'jasonas\']]\n'>
2026-09-16 16:05:19,845 WARNING No Odoo user found for assignedTo='jasonas'
2026-09-16 16:05:19,918 WARNING Failed to search Odoo for user 'system': <Fault 1: 'Traceback (most recent call last):\n  File "/usr/lib/python3/dist-packages/odoo/addons/rpc/controllers/xmlrpc.py", line 162, in xmlrpc_2\n    response = self._xmlrpc(service)\n               ^^^^^^^^^^^^^^^^^^^^^\n  File "/usr/lib/python3/dist-packages/odoo/addons/rpc/controllers/xmlrpc.py", line 134, in _xmlrpc\n    result = dispatch_rpc(service, method, params)\n             ^^^^^^^^^^^^^^^^^^^^^^^^^^^^^^^^^^^^^\n  File "/usr/lib/python3/dist-packages/odoo/http.py", line 446, in dispatch_rpc\n    return dispatch(method, params)\n           ^^^^^^^^^^^^^^^^^^^^^^^^\n  File "/usr/lib/python3/dist-packages/odoo/service/model.py", line 133, in dispatch\n    res = execute_cr(cr, uid, model, method_, args, kw)\n          ^^^^^^^^^^^^^^^^^^^^^^^^^^^^^^^^^^^^^^^^^^^^^\n  File "/usr/lib/python3/dist-packages/odoo/service/model.py", line 150, in execute_cr\n    result = retrying(partial(call_kw, recs, method, args, kw), env)\n             ^^^^^^^^^^^^^^^^^^^^^^^^^^^^^^^^^^^^^^^^^^^^^^^^^^^^^^^\n  File "/usr/lib/python3/dist-packages/odoo/service/model.py", line 188, in retrying\n    result = func()\n             ^^^^^^\n  File "/usr/lib/python3/dist-packages/odoo/service/model.py", line 97, in call_kw\n    result = method(recs, *args, **kwargs)\n             ^^^^^^^^^^^^^^^^^^^^^^^^^^^^^\n  File "/usr/lib/python3/dist-packages/odoo/orm/models.py", line 1378, in search\n    return self.search_fetch(domain, [], offset=offset, limit=limit, order=order)\n           ^^^^^^^^^^^^^^^^^^^^^^^^^^^^^^^^^^^^^^^^^^^^^^^^^^^^^^^^^^^^^^^^^^^^^^\n  File "/usr/lib/python3/dist-packages/odoo/orm/models.py", line 1408, in search_fetch\n    query = self._search(domain, offset=offset, limit=limit, order=order or self._order)\n            ^^^^^^^^^^^^^^^^^^^^^^^^^^^^^^^^^^^^^^^^^^^^^^^^^^^^^^^^^^^^^^^^^^^^^^^^^^^^\n  File "/usr/lib/python3/dist-packages/odoo/orm/models.py", line 5353, in _search\n    domain = Domain(domain)\n             ^^^^^^^^^^^^^^\n  File "/usr/lib/python3/dist-packages/odoo/orm/domains.py", line 269, in __new__\n    raise ValueError(f"Domain() invalid item in domain: {item!r}")\nValueError: Domain() invalid item in domain: [\'|\', [\'login\', \'ilike\', \'system\'], \'|\', [\'email\', \'ilike\', \'system\'], [\'name\', \'ilike\', \'system\']]\n'>
2026-09-16 16:05:20,377 INFO Updated Odoo task 13842 for ticket 201 (status=OPEN)
2026-09-16 16:05:21,129 WARNING Failed to search Odoo for user 'chrisbe': <Fault 1: 'Traceback (most recent call last):\n  File "/usr/lib/python3/dist-packages/odoo/addons/rpc/controllers/xmlrpc.py", line 162, in xmlrpc_2\n    response = self._xmlrpc(service)\n               ^^^^^^^^^^^^^^^^^^^^^\n  File "/usr/lib/python3/dist-packages/odoo/addons/rpc/controllers/xmlrpc.py", line 134, in _xmlrpc\n    result = dispatch_rpc(service, method, params)\n             ^^^^^^^^^^^^^^^^^^^^^^^^^^^^^^^^^^^^^\n  File "/usr/lib/python3/dist-packages/odoo/http.py", line 446, in dispatch_rpc\n    return dispatch(method, params)\n           ^^^^^^^^^^^^^^^^^^^^^^^^\n  File "/usr/lib/python3/dist-packages/odoo/service/model.py", line 133, in dispatch\n    res = execute_cr(cr, uid, model, method_, args, kw)\n          ^^^^^^^^^^^^^^^^^^^^^^^^^^^^^^^^^^^^^^^^^^^^^\n  File "/usr/lib/python3/dist-packages/odoo/service/model.py", line 150, in execute_cr\n    result = retrying(partial(call_kw, recs, method, args, kw), env)\n             ^^^^^^^^^^^^^^^^^^^^^^^^^^^^^^^^^^^^^^^^^^^^^^^^^^^^^^^\n  File "/usr/lib/python3/dist-packages/odoo/service/model.py", line 188, in retrying\n    result = func()\n             ^^^^^^\n  File "/usr/lib/python3/dist-packages/odoo/service/model.py", line 97, in call_kw\n    result = method(recs, *args, **kwargs)\n             ^^^^^^^^^^^^^^^^^^^^^^^^^^^^^\n  File "/usr/lib/python3/dist-packages/odoo/orm/models.py", line 1378, in search\n    return self.search_fetch(domain, [], offset=offset, limit=limit, order=order)\n           ^^^^^^^^^^^^^^^^^^^^^^^^^^^^^^^^^^^^^^^^^^^^^^^^^^^^^^^^^^^^^^^^^^^^^^\n  File "/usr/lib/python3/dist-packages/odoo/orm/models.py", line 1408, in search_fetch\n    query = self._search(domain, offset=offset, limit=limit, order=order or self._order)\n            ^^^^^^^^^^^^^^^^^^^^^^^^^^^^^^^^^^^^^^^^^^^^^^^^^^^^^^^^^^^^^^^^^^^^^^^^^^^^\n  File "/usr/lib/python3/dist-packages/odoo/orm/models.py", line 5353, in _search\n    domain = Domain(domain)\n             ^^^^^^^^^^^^^^\n  File "/usr/lib/python3/dist-packages/odoo/orm/domains.py", line 269, in __new__\n    raise ValueError(f"Domain() invalid item in domain: {item!r}")\nValueError: Domain() invalid item in domain: [\'|\', [\'login\', \'ilike\', \'chrisbe\'], \'|\', [\'email\', \'ilike\', \'chrisbe\'], [\'name\', \'ilike\', \'chrisbe\']]\n'>
2026-09-16 16:05:21,129 WARNING No Odoo user found for assignedTo='chrisbe'
2026-09-16 16:05:21,577 INFO Updated Odoo task 13843 for ticket 202 (status=OPEN)
2026-09-16 16:08:45,329 INFO IO loop starting (client_id=kafka-python-3.0.11)
2026-09-16 16:08:45,330 INFO Attempting bootstrap to bootstrap-0 at localhost:9094 (rack None)
2026-09-16 16:08:45,330 INFO Initializing connection for node_id bootstrap-0 at localhost:9094 (rack=None)
2026-09-16 16:08:45,334 INFO <KafkaTCPTransport [::1:9094<-51487]>: connected to <socket.socket fd=1328, family=23, type=1, proto=0, laddr=('::1', 51487, 0, 0), raddr=('::1', 9094, 0, 0)>
2026-09-16 16:08:45,340 INFO <KafkaConnection node_id=bootstrap-0 host=[::1:9094<-51487] broker_version=unknown (initializing)>: Broker version identified as 3.9
2026-09-16 16:08:45,341 INFO <KafkaConnection node_id=bootstrap-0 host=[::1:9094<-51487] broker_version=(3, 9) (connected)>: Connected
2026-09-16 16:08:45,347 INFO Updated metadata: ClusterMetadata(brokers: 1, topics: 0, coordinators: 0)
2026-09-16 16:08:45,347 INFO Bootstrap complete: ClusterMetadata(brokers: 1, topics: 0, coordinators: 0)
2026-09-16 16:08:45,347 INFO Closing bootstrap connection bootstrap-0
2026-09-16 16:08:45,348 INFO <KafkaTCPTransport [::1:9094<-51487]>: Closing transport
2026-09-16 16:08:45,348 INFO <KafkaConnection node_id=bootstrap-0 broker_version=(3, 9) (disconnected)>: Connection closed
2026-09-16 16:08:45,348 INFO Starting metadata refresh loop
2026-09-16 16:08:45,350 INFO Updating subscribed topics to: ('tickets',)
2026-09-16 16:08:45,350 INFO Listening on topic 'tickets' as group 'odoo-ticket-sync'...
2026-09-16 16:08:45,351 INFO Initializing connection for node_id 1 at localhost:9094 (rack=None)
2026-09-16 16:08:45,352 INFO <KafkaTCPTransport [::1:9094<-51488]>: connected to <socket.socket fd=1180, family=23, type=1, proto=0, laddr=('::1', 51488, 0, 0), raddr=('::1', 9094, 0, 0)>
2026-09-16 16:08:45,355 INFO <KafkaConnection node_id=1 host=[::1:9094<-51488] broker_version=(3, 9) (connected)>: Connected
2026-09-16 16:08:45,357 INFO Coordinator for GROUP/odoo-ticket-sync is MetadataResponseBroker(node_id='coordinator-1', host='localhost', port=9094, rack=None)
2026-09-16 16:08:45,357 INFO Discovered coordinator coordinator-1 for group odoo-ticket-sync
2026-09-16 16:08:45,357 INFO Initializing connection for node_id coordinator-1 at localhost:9094 (rack=None)
2026-09-16 16:08:45,359 INFO Revoking previously assigned partitions set() for group odoo-ticket-sync
2026-09-16 16:08:45,359 INFO <KafkaTCPTransport [::1:9094<-51489]>: connected to <socket.socket fd=1184, family=23, type=1, proto=0, laddr=('::1', 51489, 0, 0), raddr=('::1', 9094, 0, 0)>
2026-09-16 16:08:45,360 INFO (Re-)joining group odoo-ticket-sync
2026-09-16 16:08:45,365 INFO <KafkaConnection node_id=coordinator-1 host=[::1:9094<-51489] broker_version=(3, 9) (connected)>: Connected
2026-09-16 16:08:45,369 INFO Received member id kafka-python-3.0.11-34e6b0f6-f2cd-42d3-973b-f850169a28f0 for group odoo-ticket-sync; will retry join-group
2026-09-16 16:08:45,369 INFO (Re-)joining group odoo-ticket-sync
2026-09-16 16:08:45,453 INFO Updated metadata: ClusterMetadata(brokers: 1, topics: 1, coordinators: 1)
2026-09-16 16:09:24,495 INFO Successfully joined group odoo-ticket-sync <Generation 17 (member_id: kafka-python-3.0.11-34e6b0f6-f2cd-42d3-973b-f850169a28f0, protocol: range)>
2026-09-16 16:09:24,496 INFO Elected group leader -- performing partition assignments using range
2026-09-16 16:09:24,502 INFO Updated metadata: ClusterMetadata(brokers: 1, topics: 1, coordinators: 1)
2026-09-16 16:09:24,503 INFO Updated partition assignment: [TopicPartition(topic='tickets', partition=0)]
2026-09-16 16:09:24,504 INFO Setting newly assigned partitions {TopicPartition(topic='tickets', partition=0)} for group odoo-ticket-sync
2026-09-16 16:09:25,366 INFO Updated Odoo task 13842 for ticket 201 (status=OPEN)
2026-09-16 16:09:26,129 INFO Updated Odoo task 13843 for ticket 202 (status=OPEN)
2026-09-16 16:10:25,450 ERROR Failed to process message at offset 91
Traceback (most recent call last):
  File "C:\Users\JasonAs\Pictures\Odoo-Kraken\kafka-sandbox\kraken_to_odoo_consumer.py", line 362, in run
    odoo.update_task(existing_task_id, odoo_fields)
    ~~~~~~~~~~~~~~~~^^^^^^^^^^^^^^^^^^^^^^^^^^^^^^^
  File "C:\Users\JasonAs\Pictures\Odoo-Kraken\kafka-sandbox\kraken_to_odoo_consumer.py", line 239, in update_task
    self._execute("project.task", "write", [task_id], values)
    ~~~~~~~~~~~~~^^^^^^^^^^^^^^^^^^^^^^^^^^^^^^^^^^^^^^^^^^^^
  File "C:\Users\JasonAs\Pictures\Odoo-Kraken\kafka-sandbox\kraken_to_odoo_consumer.py", line 178, in _execute
    return self.models.execute_kw(ODOO_DB, self.uid, ODOO_API_KEY, model, method, list(args), kwargs)
           ~~~~~~~~~~~~~~~~~~~~~~^^^^^^^^^^^^^^^^^^^^^^^^^^^^^^^^^^^^^^^^^^^^^^^^^^^^^^^^^^^^^^^^^^^^
  File "C:\Program Files\WindowsApps\PythonSoftwareFoundation.Python.3.13_3.13.3824.0_x64__qbz5n2kfra8p0\Lib\xmlrpc\client.py", line 1096, in __call__
    return self.__send(self.__name, args)
           ~~~~~~~~~~~^^^^^^^^^^^^^^^^^^^
  File "C:\Program Files\WindowsApps\PythonSoftwareFoundation.Python.3.13_3.13.3824.0_x64__qbz5n2kfra8p0\Lib\xmlrpc\client.py", line 1435, in __request
    response = self.__transport.request(
        self.__host,
    ...<2 lines>...
        verbose=self.__verbose
        )
  File "C:\Program Files\WindowsApps\PythonSoftwareFoundation.Python.3.13_3.13.3824.0_x64__qbz5n2kfra8p0\Lib\xmlrpc\client.py", line 1140, in request
    return self.single_request(host, handler, request_body, verbose)
           ~~~~~~~~~~~~~~~~~~~^^^^^^^^^^^^^^^^^^^^^^^^^^^^^^^^^^^^^^
  File "C:\Program Files\WindowsApps\PythonSoftwareFoundation.Python.3.13_3.13.3824.0_x64__qbz5n2kfra8p0\Lib\xmlrpc\client.py", line 1156, in single_request
    return self.parse_response(resp)
           ~~~~~~~~~~~~~~~~~~~^^^^^^
  File "C:\Program Files\WindowsApps\PythonSoftwareFoundation.Python.3.13_3.13.3824.0_x64__qbz5n2kfra8p0\Lib\xmlrpc\client.py", line 1325, in parse_response
    return u.close()
           ~~~~~~~^^
  File "C:\Program Files\WindowsApps\PythonSoftwareFoundation.Python.3.13_3.13.3824.0_x64__qbz5n2kfra8p0\Lib\xmlrpc\client.py", line 642, in close
    raise Fault(**self._stack[0])
xmlrpc.client.Fault: <Fault 2: 'Record does not exist or has been deleted.\n(Record: project.task(13842,), User: 14)'>
2026-09-16 16:10:25,601 INFO Updated Odoo task 13843 for ticket 202 (status=OPEN)
2026-09-16 16:10:45,977 ERROR Failed to process message at offset 93
Traceback (most recent call last):
  File "C:\Users\JasonAs\Pictures\Odoo-Kraken\kafka-sandbox\kraken_to_odoo_consumer.py", line 362, in run
    odoo.update_task(existing_task_id, odoo_fields)
    ~~~~~~~~~~~~~~~~^^^^^^^^^^^^^^^^^^^^^^^^^^^^^^^
  File "C:\Users\JasonAs\Pictures\Odoo-Kraken\kafka-sandbox\kraken_to_odoo_consumer.py", line 239, in update_task
    self._execute("project.task", "write", [task_id], values)
    ~~~~~~~~~~~~~^^^^^^^^^^^^^^^^^^^^^^^^^^^^^^^^^^^^^^^^^^^^
  File "C:\Users\JasonAs\Pictures\Odoo-Kraken\kafka-sandbox\kraken_to_odoo_consumer.py", line 178, in _execute
    return self.models.execute_kw(ODOO_DB, self.uid, ODOO_API_KEY, model, method, list(args), kwargs)
           ~~~~~~~~~~~~~~~~~~~~~~^^^^^^^^^^^^^^^^^^^^^^^^^^^^^^^^^^^^^^^^^^^^^^^^^^^^^^^^^^^^^^^^^^^^
  File "C:\Program Files\WindowsApps\PythonSoftwareFoundation.Python.3.13_3.13.3824.0_x64__qbz5n2kfra8p0\Lib\xmlrpc\client.py", line 1096, in __call__
    return self.__send(self.__name, args)
           ~~~~~~~~~~~^^^^^^^^^^^^^^^^^^^
  File "C:\Program Files\WindowsApps\PythonSoftwareFoundation.Python.3.13_3.13.3824.0_x64__qbz5n2kfra8p0\Lib\xmlrpc\client.py", line 1435, in __request
    response = self.__transport.request(
        self.__host,
    ...<2 lines>...
        verbose=self.__verbose
        )
  File "C:\Program Files\WindowsApps\PythonSoftwareFoundation.Python.3.13_3.13.3824.0_x64__qbz5n2kfra8p0\Lib\xmlrpc\client.py", line 1140, in request
    return self.single_request(host, handler, request_body, verbose)
           ~~~~~~~~~~~~~~~~~~~^^^^^^^^^^^^^^^^^^^^^^^^^^^^^^^^^^^^^^
  File "C:\Program Files\WindowsApps\PythonSoftwareFoundation.Python.3.13_3.13.3824.0_x64__qbz5n2kfra8p0\Lib\xmlrpc\client.py", line 1156, in single_request
    return self.parse_response(resp)
           ~~~~~~~~~~~~~~~~~~~^^^^^^
  File "C:\Program Files\WindowsApps\PythonSoftwareFoundation.Python.3.13_3.13.3824.0_x64__qbz5n2kfra8p0\Lib\xmlrpc\client.py", line 1325, in parse_response
    return u.close()
           ~~~~~~~^^
  File "C:\Program Files\WindowsApps\PythonSoftwareFoundation.Python.3.13_3.13.3824.0_x64__qbz5n2kfra8p0\Lib\xmlrpc\client.py", line 642, in close
    raise Fault(**self._stack[0])
xmlrpc.client.Fault: <Fault 2: 'Record does not exist or has been deleted.\n(Record: project.task(13842,), User: 14)'>
2026-09-16 16:10:46,111 INFO Updated Odoo task 13843 for ticket 202 (status=OPEN)
2026-09-16 16:11:38,980 INFO IO loop starting (client_id=kafka-python-3.0.11)
2026-09-16 16:11:38,980 INFO Attempting bootstrap to bootstrap-0 at localhost:9094 (rack None)
2026-09-16 16:11:38,981 INFO Initializing connection for node_id bootstrap-0 at localhost:9094 (rack=None)
2026-09-16 16:11:38,985 INFO <KafkaTCPTransport [::1:9094<-63985]>: connected to <socket.socket fd=1284, family=23, type=1, proto=0, laddr=('::1', 63985, 0, 0), raddr=('::1', 9094, 0, 0)>
2026-09-16 16:11:38,992 INFO <KafkaConnection node_id=bootstrap-0 host=[::1:9094<-63985] broker_version=unknown (initializing)>: Broker version identified as 3.9
2026-09-16 16:11:38,992 INFO <KafkaConnection node_id=bootstrap-0 host=[::1:9094<-63985] broker_version=(3, 9) (connected)>: Connected
2026-09-16 16:11:38,998 INFO Updated metadata: ClusterMetadata(brokers: 1, topics: 0, coordinators: 0)
2026-09-16 16:11:38,998 INFO Bootstrap complete: ClusterMetadata(brokers: 1, topics: 0, coordinators: 0)
2026-09-16 16:11:38,998 INFO Closing bootstrap connection bootstrap-0
2026-09-16 16:11:38,999 INFO <KafkaTCPTransport [::1:9094<-63985]>: Closing transport
2026-09-16 16:11:38,999 INFO <KafkaConnection node_id=bootstrap-0 broker_version=(3, 9) (disconnected)>: Connection closed
2026-09-16 16:11:38,999 INFO Starting metadata refresh loop
2026-09-16 16:11:39,000 INFO Updating subscribed topics to: ('tickets',)
2026-09-16 16:11:39,001 INFO Listening on topic 'tickets' as group 'odoo-ticket-sync'...
2026-09-16 16:11:39,001 INFO Initializing connection for node_id 1 at localhost:9094 (rack=None)
2026-09-16 16:11:39,002 INFO <KafkaTCPTransport [::1:9094<-63986]>: connected to <socket.socket fd=1284, family=23, type=1, proto=0, laddr=('::1', 63986, 0, 0), raddr=('::1', 9094, 0, 0)>
2026-09-16 16:11:39,006 INFO <KafkaConnection node_id=1 host=[::1:9094<-63986] broker_version=(3, 9) (connected)>: Connected
2026-09-16 16:11:39,011 INFO Coordinator for GROUP/odoo-ticket-sync is MetadataResponseBroker(node_id='coordinator-1', host='localhost', port=9094, rack=None)
2026-09-16 16:11:39,011 INFO Discovered coordinator coordinator-1 for group odoo-ticket-sync
2026-09-16 16:11:39,012 INFO Initializing connection for node_id coordinator-1 at localhost:9094 (rack=None)
2026-09-16 16:11:39,013 INFO Revoking previously assigned partitions set() for group odoo-ticket-sync
2026-09-16 16:11:39,013 INFO <KafkaTCPTransport [::1:9094<-63987]>: connected to <socket.socket fd=1296, family=23, type=1, proto=0, laddr=('::1', 63987, 0, 0), raddr=('::1', 9094, 0, 0)>
2026-09-16 16:11:39,014 INFO (Re-)joining group odoo-ticket-sync
2026-09-16 16:11:39,018 INFO <KafkaConnection node_id=coordinator-1 host=[::1:9094<-63987] broker_version=(3, 9) (connected)>: Connected
2026-09-16 16:11:39,021 INFO Received member id kafka-python-3.0.11-9c6192c2-df56-408f-bdd4-df3d4dd97813 for group odoo-ticket-sync; will retry join-group
2026-09-16 16:11:39,022 INFO (Re-)joining group odoo-ticket-sync
2026-09-16 16:11:39,109 INFO Updated metadata: ClusterMetadata(brokers: 1, topics: 1, coordinators: 1)
2026-09-16 16:12:19,731 INFO Successfully joined group odoo-ticket-sync <Generation 18 (member_id: kafka-python-3.0.11-9c6192c2-df56-408f-bdd4-df3d4dd97813, protocol: range)>
2026-09-16 16:12:19,731 INFO Elected group leader -- performing partition assignments using range
2026-09-16 16:12:19,736 INFO Updated metadata: ClusterMetadata(brokers: 1, topics: 1, coordinators: 1)
2026-09-16 16:12:19,739 INFO Updated partition assignment: [TopicPartition(topic='tickets', partition=0)]
2026-09-16 16:12:19,739 INFO Setting newly assigned partitions {TopicPartition(topic='tickets', partition=0)} for group odoo-ticket-sync
2026-09-16 16:12:21,387 ERROR Failed to process message at offset 95
Traceback (most recent call last):
  File "C:\Users\JasonAs\Pictures\Odoo-Kraken\kafka-sandbox\kraken_to_odoo_consumer.py", line 362, in run
    odoo.update_task(existing_task_id, odoo_fields)
    ~~~~~~~~~~~~~~~~^^^^^^^^^^^^^^^^^^^^^^^^^^^^^^^
  File "C:\Users\JasonAs\Pictures\Odoo-Kraken\kafka-sandbox\kraken_to_odoo_consumer.py", line 239, in update_task
    self._execute("project.task", "write", [task_id], values)
    ~~~~~~~~~~~~~^^^^^^^^^^^^^^^^^^^^^^^^^^^^^^^^^^^^^^^^^^^^
  File "C:\Users\JasonAs\Pictures\Odoo-Kraken\kafka-sandbox\kraken_to_odoo_consumer.py", line 178, in _execute
    return self.models.execute_kw(ODOO_DB, self.uid, ODOO_API_KEY, model, method, list(args), kwargs)
           ~~~~~~~~~~~~~~~~~~~~~~^^^^^^^^^^^^^^^^^^^^^^^^^^^^^^^^^^^^^^^^^^^^^^^^^^^^^^^^^^^^^^^^^^^^
  File "C:\Program Files\WindowsApps\PythonSoftwareFoundation.Python.3.13_3.13.3824.0_x64__qbz5n2kfra8p0\Lib\xmlrpc\client.py", line 1096, in __call__
    return self.__send(self.__name, args)
           ~~~~~~~~~~~^^^^^^^^^^^^^^^^^^^
  File "C:\Program Files\WindowsApps\PythonSoftwareFoundation.Python.3.13_3.13.3824.0_x64__qbz5n2kfra8p0\Lib\xmlrpc\client.py", line 1435, in __request
    response = self.__transport.request(
        self.__host,
    ...<2 lines>...
        verbose=self.__verbose
        )
  File "C:\Program Files\WindowsApps\PythonSoftwareFoundation.Python.3.13_3.13.3824.0_x64__qbz5n2kfra8p0\Lib\xmlrpc\client.py", line 1140, in request
    return self.single_request(host, handler, request_body, verbose)
           ~~~~~~~~~~~~~~~~~~~^^^^^^^^^^^^^^^^^^^^^^^^^^^^^^^^^^^^^^
  File "C:\Program Files\WindowsApps\PythonSoftwareFoundation.Python.3.13_3.13.3824.0_x64__qbz5n2kfra8p0\Lib\xmlrpc\client.py", line 1156, in single_request
    return self.parse_response(resp)
           ~~~~~~~~~~~~~~~~~~~^^^^^^
  File "C:\Program Files\WindowsApps\PythonSoftwareFoundation.Python.3.13_3.13.3824.0_x64__qbz5n2kfra8p0\Lib\xmlrpc\client.py", line 1325, in parse_response
    return u.close()
           ~~~~~~~^^
  File "C:\Program Files\WindowsApps\PythonSoftwareFoundation.Python.3.13_3.13.3824.0_x64__qbz5n2kfra8p0\Lib\xmlrpc\client.py", line 642, in close
    raise Fault(**self._stack[0])
xmlrpc.client.Fault: <Fault 2: 'Record does not exist or has been deleted.\n(Record: project.task(13842,), User: 14)'>
2026-09-16 16:12:21,841 INFO Updated Odoo task 13843 for ticket 202 (status=OPEN)
2026-09-16 16:13:44,516 INFO Created Odoo task 13844 for ticket 301
2026-09-16 16:13:45,449 INFO Created Odoo task 13845 for ticket 302
2026-09-16 16:17:20,198 INFO Updated metadata: ClusterMetadata(brokers: 1, topics: 1, coordinators: 1)
2026-09-16 16:22:20,383 INFO Updated metadata: ClusterMetadata(brokers: 1, topics: 1, coordinators: 1)
2026-09-16 16:27:20,594 INFO Updated metadata: ClusterMetadata(brokers: 1, topics: 1, coordinators: 1)
